country,Region,Surface area (km2),Population in thousands (2017),"Population density (per km2, 2017)","Sex ratio (m per 100 f, 2017)",GDP: Gross domestic product (million current US$),"GDP growth rate (annual %, const 2005 prices)",GDP per capita (current US$),Economy: Agriculture (% of GVA),Economy: Industry (% of GVA),Economy: Services and other activity (% of GVA),Employment: Agriculture (% of employed),Employment: Industry (% of employed),Employment: Services (% of employed),Unemployment (% of labour force),Agricultural production index (2004-2006=100),Food production index (2004-2006=100),International trade: Exports (million US$),International trade: Imports (million US$),International trade: Balance (million US$),"Balance of payments, current account (million US$)",Population growth rate (average annual %),Urban population (% of total population),Urban population growth rate (average annual %),"Fertility rate, total (live births per woman)","Population age distribution (0-14 / 60+ years, %)",International migrant stock (000/% of total pop),Refugees and others of concern to UNHCR (in thousands),Infant mortality rate (per 1000 live births,Health: Total expenditure (% of GDP),Health: Physicians (per 1000 pop),Education: Government expenditure (% of GDP),Education: Primary gross enrol ratio (f/m per 100 pop),Education: Secondary gross enrol ratio (f/m per 100 pop),Education: Tertiary gross enrol ratio (f/m per 100 pop),Seats held by women in national parliaments %,Mobile-cellular subscriptions (per 100 inhabitants)39,Mobile-cellular subscriptions (per 100 inhabitants)40,Individuals using the Internet (per 100 inhabitants),Threatened species (number),CO2 emission estimates (million tons/tons per capita),"Energy production, primary (Petajoules)",Energy supply per capita (Gigajoules),"Pop using improved drinking water (urban/rural, %)","Pop using improved sanitation facilities (urban/rural, %)","Life expectancy at birth (females/males, years)_female","Life expectancy at birth (females/males, years)_male",Labour force participation (female/male pop %)_female,Labour force participation (female/male pop %)_male
Afghanistan,SouthernAsia,652864.0,35530,54.4,106.3,20270.0,-0.024,623.2,0.233,0.233,0.5329999999999999,0.616,0.1,0.285,0.086,125,125,1458,3568,-2110,-5121,0.032,0.267,0.04,5.3,43.2/4.1,382.4/1.2,1513.1,68.6,0.08199999999999999,0.3,0.033,91.1/131.6,39.7/70.7,3.7/13.3,0.27699999999999997,61.6,8.3,0.42,2.1,63,5,78.2/47.0,45.1/27.0,21.43,63.5,61.0,0.193,0.836
Albania,SouthernEurope,28748.0,2930,106.9,101.9,11541.0,0.026000000000000002,3984.2,0.22399999999999998,0.26,0.517,0.414,0.183,0.40299999999999997,0.158,134,134,1962,4669,-2707,-1222,-0.001,0.574,0.022000000000000002,1.7,17.4/19.0,57.6/2.0,8.8,14.6,0.059000000000000004,1.3,0.035,111.7/115.5,92.5/98.8,68.1/48.7,0.22899999999999998,106.4,63.3,1.3,28.2,84,36,94.9/95.2,95.5/90.2,2.96,79.9,75.6,0.402,0.61
Algeria,NorthernAfrica,2381741.0,41318,17.3,102.0,164779.0,0.038,4154.1,0.122,0.373,0.505,0.10800000000000001,0.345,0.547,0.114,160,161,29992,47091,-17099,-27229,0.02,0.7070000000000001,0.027999999999999997,3.0,29.3/9.4,242.4/0.6,99.8,27.7,0.07200000000000001,1.6400000000000001,,112.7/119.5,101.7/98.1,45.1/28.9,0.316,113.0,38.2,1.35,0.8,5900,55,84.3/81.8,89.8/82.2,0.05,76.5,74.1,0.17,0.7070000000000001
American Samoa,Polynesia,199.0,56,278.2,103.6,20658.0,0.027999999999999997,5488.2,,0.26,0.605,,,,0.065,112,112,,,,,0.012,0.872,-0.001,2.6,33.3/9.0,23.2/41.8,,9.6,0.0794,1.7,,,,,,,,0.92,87.9,,46,100.0/100.0,62.5/62.5,31.523333333333337,77.8,71.1,0.521,0.735
Andorra,SouthernEurope,468.0,77,163.8,102.3,2812.0,0.008,39896.4,0.005,0.10800000000000001,0.8859999999999999,,,,0.065,,112,100,1355,-1255,,-0.016,0.851,0.001,1.2,14.4/19.0,42.1/59.7,,,0.081,3.7,0.033,,,,0.321,88.1,96.9,0.13,34.0,1,119,100.0/100.0,100.0/100.0,2.136,76.2,69.4,0.521,0.735
Angola,MiddleAfrica,1246700.0,29784,23.9,96.2,117955.0,0.03,4714.1,0.068,0.512,0.42,0.042,0.376,0.5820000000000001,0.066,175,176,21011,8790,12221,-10273,0.035,0.441,0.05,6.0,46.8/4.0,106.8/0.4,45.7,65.4,0.033,1.7,,100.4/156.9,22.7/35.1,8.2/10.4,0.382,60.8,12.4,1.46,46.5,3902,25,75.4/28.2,88.6/22.5,0.42,63.0,57.4,0.598,0.7709999999999999
Anguilla,Caribbean,91.0,15,165.7,97.6,320.0,0.028999999999999998,21879.6,0.023,0.157,0.82,,,,0.065,,112,2,154,-153,-48,0.012,1.0,0.012,2.3,23.3/7.6,5.5/37.4,~0.0,,0.06699999999999999,4.5,,,,,,177.9,76.0,0.52,61.1,0,136,94.6/...,97.9/...,2.7011111111111115,76.2,69.4,0.521,0.735
Antigua and Barbuda,Caribbean,442.0,102,231.8,92.3,1356.0,0.040999999999999995,14764.5,0.019,0.183,0.7979999999999999,,,,0.065,88,88,61,491,-429,-204,0.011000000000000001,0.23800000000000002,-0.009000000000000001,2.1,23.9/10.9,28.1/30.6,~0.0,9.1,0.055,4.5,,94.1/100.0,103.8/101.6,31.1/15.1,0.111,137.2,65.2,0.55,22.3,,84,97.9/97.9,91.4/91.4,0.12,78.2,73.3,0.521,0.735
Argentina,SouthAmerica,2780400.0,44271,16.2,95.9,632343.0,0.024,14564.5,0.06,0.278,0.662,0.02,0.248,0.731,0.065,119,119,57733,55610,2124,-15944,0.01,0.9179999999999999,0.01,2.3,24.9/15.4,2086.3/4.8,5.0,13.7,0.048,3.8,0.053,109.8/110.2,110.3/103.4,102.9/63.5,0.389,143.9,69.4,2.56,10.0,3167,85,99.0/100.0,96.2/98.3,0.01,79.8,72.2,0.486,0.7440000000000001
Armenia,WesternAsia,29743.0,2930,102.9,88.8,10529.0,0.03,3489.1,0.19,0.28300000000000003,0.528,0.35,0.157,0.493,0.166,135,135,1776,3230,-1455,-279,0.003,0.627,-0.001,1.6,20.0/16.9,191.2/6.3,19.3,13.2,0.045,2.8,0.027999999999999997,98.5/98.5,89.0/88.1,46.9/41.6,0.099,115.2,58.2,1.14,11.7,48,46,100.0/100.0,96.2/78.2,3.17,77.0,70.6,0.5529999999999999,0.742
Aruba,Caribbean,180.0,105,584.8,90.4,2702.0,0.001,26005.4,0.005,0.154,0.841,0.006,0.14,0.851,0.065,,112,95,1117,-1022,96,0.005,0.415,-0.003,1.8,17.9/19.7,36.1/34.8,~0.0,14.8,0.06699999999999999,4.5,0.062,115.4/119.1,112.1/110.3,21.4/9.4,,135.7,88.7,0.32,2.3,1,120,98.1/98.1,97.7/97.7,2.7011111111111115,77.8,72.9,0.588,0.696
Australia,Oceania,7692060.0,24451,3.2,99.3,1230859.0,0.024,51352.2,0.025,0.265,0.711,0.027000000000000003,0.212,0.7609999999999999,0.055,111,111,189630,189406,224,-57746,0.015,0.894,0.015,1.9,19.0/21.0,6763.7/28.2,58.2,3.9,0.094,3.4,0.052000000000000005,102.1/102.3,133.6/141.3,106.3/75.4,0.287,132.8,84.6,9.48,16.2,15282,222,100.0/100.0,100.0/100.0,,84.4,80.2,0.584,0.7070000000000001
Austria,WesternEurope,83871.0,8736,106.0,96.2,376967.0,0.01,44117.7,0.013000000000000001,0.28300000000000003,0.7040000000000001,0.047,0.256,0.6970000000000001,0.062,108,108,145503,149299,-3795,7020,0.006,0.66,0.004,1.4,14.1/25.1,1492.4/17.5,166.4,3.3,0.11199999999999999,5.2,0.055,102.2/103.7,97.6/102.4,89.2/74.3,0.306,157.4,83.9,1.18,46.9,505,158,100.0/100.0,100.0/100.0,,83.5,78.4,0.546,0.6579999999999999
Azerbaijan,WesternAsia,86600.0,9828,118.9,99.3,53049.0,0.006999999999999999,5438.7,0.067,0.499,0.434,0.36700000000000005,0.142,0.491,0.052000000000000005,131,136,9143,8532,611,-222,0.013000000000000001,0.546,0.016,2.1,23.3/10.1,264.2/2.7,623.3,31.4,0.06,3.4,0.026000000000000002,105.6/107.4,,27.5/23.6,0.168,111.3,77.0,0.97,13.5,2459,61,94.7/77.8,91.6/86.6,0.14,74.6,68.6,0.62,0.688
Bahamas,Caribbean,13940.0,395,39.5,95.9,8854.0,-0.017,22817.2,0.016,0.127,0.857,0.039,0.142,0.8190000000000001,0.147,132,132,365,2904,-2539,-1409,0.013999999999999999,0.8290000000000001,0.015,1.8,20.5/13.5,59.3/15.3,0.1,9.1,0.077,4.5,,.../...,.../...,,0.132,80.3,78.0,0.86,51.4,0,90,98.4/98.4,92.0/92.0,2.7011111111111115,78.1,72.0,0.6940000000000001,0.7909999999999999
Bahrain,WesternAsia,771.0,1493,1963.9,168.3,31126.0,0.028999999999999998,22600.2,0.003,0.40700000000000003,0.59,0.01,0.33399999999999996,0.6559999999999999,0.013000000000000001,167,167,12892,14749,-1856,1124,0.02,0.888,0.017,2.1,19.7/4.6,704.1/51.1,0.4,6.9,0.05,0.9,0.027000000000000003,101.8/100.6,101.9/102.4,59.4/30.9,0.075,185.3,93.5,0.36,0.8,961,413,100.0/100.0,99.2/99.2,4.015555555555554,77.5,75.6,0.385,0.8490000000000001
Bangladesh,SouthernAsia,147570.0,164670,1265.0,101.7,194466.0,0.066,1207.9,0.155,0.281,0.563,0.406,0.191,0.40299999999999997,0.04,141,140,36031,52624,-16593,2687,0.012,0.34299999999999997,0.036000000000000004,2.2,28.4/7.3,1422.8/0.9,233.0,33.3,0.027999999999999997,0.4,0.019,125.1/116.0,67.4/59.8,11.4/15.4,0.203,83.4,14.4,1.51,11.0,1438,11,86.5/87.0,57.7/62.1,1.24,72.9,69.8,0.43200000000000005,0.8109999999999999
Barbados,Caribbean,431.0,286,664.5,91.9,4385.0,0.009000000000000001,15429.4,0.017,0.121,0.862,0.027999999999999997,0.193,0.779,0.113,88,88,517,1621,-1104,-248,0.003,0.315,0.001,1.8,19.1/21.0,34.5/12.1,~0.0,9.6,0.075,4.5,0.066,94.2/93.1,110.7/107.9,90.6/40.3,0.16699999999999998,116.5,76.1,0.56,14.7,2,59,99.7/99.7,96.2/96.2,2.7011111111111115,77.7,72.9,0.618,0.7
Belarus,EasternEurope,207600.0,9468,46.7,87.0,54609.0,-0.039,5750.8,0.075,0.389,0.536,0.096,0.32,0.584,0.005,122,122,23414,27464,-4050,-2037,0.012,0.767,,1.6,16.7/21.3,1082.9/11.4,7.9,3.6,0.057,4.1,0.049,101.3/101.4,106.4/107.8,100.7/75.9,0.345,123.6,62.2,0.25,42.5,155,122,99.9/99.1,94.1/95.2,0.20,77.7,66.5,0.54,0.6779999999999999
Belgium,WesternEurope,30528.0,11429,377.5,97.3,455107.0,0.015,40277.8,0.006999999999999999,0.222,0.7709999999999999,0.012,0.212,0.7759999999999999,0.083,108,107,398033,372713,25321,1936,0.006,0.9790000000000001,0.005,1.8,17.1/24.6,1387.9/12.3,63.8,3.5,0.106,3.0,0.066,104.2/104.2,177.7/156.4,85.4/65.0,0.38,115.7,85.1,0.37,22.6,520,196,100.0/100.0,99.5/99.4,,83.0,78.0,0.48100000000000004,0.589
Belize,CentralAmerica,22966.0,375,16.4,99.2,1721.0,0.012,4789.4,0.146,0.185,0.669,0.161,0.159,0.679,0.115,97,97,246,952,-706,-175,0.022000000000000002,0.44,0.019,2.6,31.4/6.2,53.9/15.0,3.1,14.3,0.057999999999999996,1.4500000000000002,0.064,110.4/115.8,81.8/79.8,28.7/17.9,0.094,48.9,41.6,1.17,60.1,9,36,98.9/100.0,93.5/88.2,1.68,72.7,67.2,0.5670000000000001,0.838
Benin,WesternAfrica,114763.0,11176,99.1,99.5,8476.0,0.052000000000000005,779.1,0.23199999999999998,0.249,0.519,0.43200000000000005,0.102,0.466,0.01,152,158,410,2630,-2220,-885,0.027999999999999997,0.44,0.037000000000000005,5.2,42.7/5.0,245.4/2.3,0.8,67.7,0.046,0.1,0.044000000000000004,123.7/134.2,46.8/66.7,8.4/22.4,0.07200000000000001,85.6,6.8,0.88,38.7,96,17,85.2/72.1,35.6/7.3,5.09,61.4,58.5,0.7,0.7340000000000001
Bermuda,NorthernAmerica,53.0,61,1227.0,91.4,5853.0,0.004,94399.9,0.006999999999999999,0.053,0.94,0.016,0.10300000000000001,0.8759999999999999,0.067,115,115,8,971,-963,817,-0.006,1.0,0.002,1.5,14.8/24.9,19.1/30.8,,,0.1375,2.55,0.017,89.4/91.3,75.5/67.7,34.1/14.7,,58.0,98.3,0.72,20.0,1,136,,,,85.1,77.5,0.726,0.8
Bhutan,SouthernAsia,38394.0,808,21.2,113.1,2074.0,0.052000000000000005,2677.1,0.172,0.439,0.38799999999999996,0.5660000000000001,0.09699999999999999,0.337,0.024,98,98,616,1688,-1072,-579,0.016,0.386,0.037000000000000005,2.2,26.5/7.3,51.1/6.6,,30.5,0.036000000000000004,0.3,0.07400000000000001,96.9/96.6,87.1/81.4,9.2/12.6,0.085,87.1,39.8,0.71,72.0,75,82,100.0/100.0,77.9/33.1,5.26,68.9,68.6,0.594,0.735
Bolivia (Plurinational State of),SouthAmerica,1098581.0,11052,10.2,100.2,32998.0,0.048,3076.8,0.126,0.31,0.565,0.295,0.21100000000000002,0.494,0.038,142,143,6969,8374,-1405,-1854,0.016,0.685,0.023,3.0,31.6/9.5,143.0/1.3,0.8,42.9,0.063,0.5,0.073,95.7/98.5,85.7/87.1,.../...,0.531,92.2,45.1,2.31,50.8,962,32,96.7/75.6,60.8/27.5,2.38,70.2,65.3,0.6409999999999999,0.826
Bonaire,Sint Eustatius and Saba,69797.0,5261,25.0,77.4,20658.0,0.027999999999999997,5488.2,,0.26,0.605,,,,0.065,,112,,,,,0.012,0.032,0.747,2.4,,,13.0/52.3,,0.06699999999999999,1.7,,,,,,,,0.89,56,0.3/13.3,0,208,,,76.2,69.4,0.521,0.735
Bosnia and Herzegovina,SouthernEurope,51209.0,3507,68.8,96.4,16251.0,0.031,4265.0,0.073,0.265,0.662,0.18,0.304,0.517,0.254,96,97,5327,9130,-3803,-923,-0.01,0.39799999999999996,0.001,1.3,14.1/23.4,34.8/0.9,157.6,7.6,0.096,1.9,,,,,0.214,90.2,65.1,0.91,42.7,252,85,99.7/100.0,98.9/92.0,2.20,78.8,73.7,0.34299999999999997,0.575
Botswana,SouthernAfrica,582000.0,2292,4.0,97.7,14391.0,-0.003,6360.6,0.024,0.33399999999999996,0.642,0.257,0.149,0.594,0.18600000000000003,110,110,7321,6103,1218,1120,0.018000000000000002,0.574,0.013000000000000001,2.9,31.4/6.4,160.6/7.1,2.8,35.2,0.054000000000000006,0.4,,105.8/109.4,.../...,27.7/19.2,0.095,169.0,27.5,0.28,19.3,47,44,99.2/92.3,78.5/43.1,0.46,66.1,59.8,0.736,0.816
Brazil,SouthAmerica,8515767.0,209288,25.0,96.6,1772591.0,-0.038,8528.3,0.052000000000000005,0.22699999999999998,0.72,0.152,0.215,0.632,0.124,135,136,185235,137552,47683,-58882,0.009000000000000001,0.857,0.012,1.8,21.7/12.6,713.6/0.3,41.1,15.8,0.083,1.9,0.06,113.8/116.8,102.2/97.2,59.3/42.4,0.107,126.6,59.1,9.9,59.2,10948,61,100.0/87.0,88.0/51.5,0.06,78.4,71.0,0.56,0.782
British Virgin Islands,Caribbean,151.0,31,208.0,97.1,908.0,-0.011000000000000001,30144.5,0.01,0.111,0.878,,,,0.065,103,103,~0,444,-444,,0.02,0.462,0.018000000000000002,2.3,.../...,17.3/57.5,,,0.06699999999999999,4.5,0.066,,,,,145.8,37.6,0.67,24.1,0,85,.../...,97.5/97.5,2.7011111111111115,76.2,69.4,0.521,0.735
Brunei Darussalam,South-easternAsia,5765.0,429,81.3,106.0,12930.0,-0.006,30552.7,0.011000000000000001,0.602,0.387,0.006,0.19399999999999998,0.8009999999999999,0.021,157,157,4875,2679,2197,2071,0.013999999999999999,0.772,0.018000000000000002,1.9,23.0/8.0,102.7/24.3,20.5,6.5,0.026000000000000002,1.5,0.044000000000000004,108.2/108.1,96.3/95.9,38.6/23.5,0.091,108.1,71.2,1.93,72.1,679,357,,,2.3355555555555556,78.4,75.1,0.506,0.75
Bulgaria,EasternEurope,111002.0,7085,65.3,94.6,48953.0,0.03,6846.8,0.051,0.276,0.672,0.065,0.294,0.6409999999999999,0.081,117,119,26088,28875,-2787,196,-0.006,0.7390000000000001,-0.003,1.5,14.2/27.7,102.1/1.4,33.7,8.3,0.084,4.0,0.040999999999999995,96.7/97.7,97.4/100.5,82.9/65.4,0.192,129.3,56.7,1.04,35.1,474,103,99.6/99.0,86.8/83.7,2.106666666666667,77.8,70.8,0.485,0.601
Burkina Faso,WesternAfrica,272967.0,19193,70.2,99.5,11065.0,0.040999999999999995,611.1,0.345,0.218,0.43700000000000006,0.8,0.049,0.151,0.028999999999999998,131,134,2019,3699,-1680,-998,0.03,0.299,0.059000000000000004,5.6,45.2/3.9,704.7/3.9,32.7,64.8,0.05,1.0516196572178862,0.040999999999999995,86.1/89.9,32.2/35.1,3.8/7.3,0.11,80.6,11.4,0.31,19.8,123,9,97.5/75.8,50.4/6.7,9.11,59.3,58.0,0.765,0.905
Burundi,EasternAfrica,27830.0,10864,423.1,96.9,2735.0,-0.040999999999999995,244.6,0.363,0.139,0.498,0.9109999999999999,0.026000000000000002,0.063,0.017,109,122,123,625,-502,-375,0.03,0.121,0.057,6.0,45.0/4.4,286.8/2.6,103.2,77.8,0.075,0.27142857142857146,0.054000000000000006,124.5/123.1,40.5/44.5,2.4/7.7,0.364,46.2,4.9,0.61,10.6,56,6,91.1/73.8,43.8/48.6,11.91,58.0,54.2,0.846,0.8270000000000001
Cabo Verde,WesternAfrica,4033.0,546,135.6,99.3,1603.0,0.015,3080.2,0.095,0.198,0.7070000000000001,0.272,0.115,0.613,0.105,98,98,29,485,-455,-73,0.012,0.655,0.02,2.5,30.2/6.9,14.9/2.9,0.1,22.5,0.048,0.3,0.05,106.9/112.8,98.3/87.7,25.2/18.1,0.23600000000000002,127.2,43.0,0.65,22.1,2,17,94.0/87.3,81.6/54.3,9.81,74.0,70.1,0.537,0.846
Cambodia,South-easternAsia,181035.0,16005,90.7,95.3,18050.0,0.07,1158.7,0.282,0.294,0.423,0.424,0.196,0.38,0.003,175,177,13204,15313,-2109,-1657,0.016,0.207,0.026000000000000002,2.7,31.3/7.1,74.0/0.5,0.3,29.9,0.057,0.2,0.019,116.2/117.1,.../...,11.8/14.3,0.203,133.0,19.0,2.55,54.3,178,17,100.0/69.1,88.1/30.5,3.97,69.6,65.5,0.7559999999999999,0.87
Cameroon,MiddleAfrica,475650.0,24054,50.9,100.2,28416.0,0.057999999999999996,1217.3,0.22699999999999998,0.28300000000000003,0.491,0.618,0.087,0.295,0.046,155,160,2130,4899,-2768,-1173,0.027000000000000003,0.544,0.036000000000000004,5.0,42.7/4.8,382.0/1.6,544.9,67.5,0.040999999999999995,1.7,0.03,110.7/123.5,53.5/62.6,15.2/19.7,0.311,71.8,20.7,7.75,40.3,408,14,94.8/52.7,61.8/26.8,2.31,57.7,55.1,0.711,0.812
Canada,NorthernAmerica,9984670.0,36624,4.0,98.5,1552808.0,0.009000000000000001,43205.6,0.018000000000000002,0.28600000000000003,0.696,0.021,0.195,0.784,0.071,109,109,388911,402954,-14043,-53083,0.01,0.818,0.012,1.6,16.0/23.5,7835.5/21.8,155.8,4.7,0.10400000000000001,2.5,0.053,101.1/100.1,110.0/109.8,.../...,0.263,81.9,88.5,1.22,38.2,19276,324,100.0/99.0,100.0/99.0,,83.8,79.7,0.607,0.6990000000000001
Cayman Islands,Caribbean,264.0,62,256.5,100.4,3726.0,0.006999999999999999,62132.0,0.003,0.075,0.922,0.008,0.155,0.836,0.063,104,104,18,991,-972,,0.015,1.0,0.015,2.3,18.3/6.7,23.7/39.6,0.1,,0.06699999999999999,4.5,,,,,,155.5,77.0,0.74,52.9,,130,97.4/...,95.6/...,2.7011111111111115,76.2,69.4,0.8059999999999999,0.856
Central African Republic,MiddleAfrica,622984.0,4659,7.5,97.3,1633.0,0.048,333.2,0.349,0.248,0.40399999999999997,0.722,0.043,0.23399999999999999,0.069,114,113,213,147,66,,0.004,0.4,0.026000000000000002,5.1,43.2/5.5,81.6/1.7,470.5,93.5,0.042,1.7,0.012,79.8/107.3,11.8/23.0,1.5/4.1,0.086,20.4,4.6,0.6,35.6,19,5,89.6/54.4,43.6/7.2,32.25,51.0,47.8,0.7190000000000001,0.846
Chad,MiddleAfrica,1284000.0,14900,11.8,100.2,10009.0,0.066,713.0,0.254,0.39,0.35600000000000004,0.7659999999999999,0.02,0.214,0.057999999999999996,146,151,1990,1371,619,,0.033,0.225,0.034,6.3,47.1/4.0,517.0/3.7,512.3,91.2,0.036000000000000004,1.7,0.027999999999999997,88.0/114.6,14.0/30.7,1.1/5.7,0.128,40.2,2.7,0.43,4.0,288,6,71.8/44.8,31.4/6.5,5.74,52.8,50.5,0.64,0.7929999999999999
Channel Islands,NorthernEurope,180.0,165,870.1,98.4,20658.0,0.027999999999999997,5488.2,,0.26,0.605,0.05,0.245,0.705,0.087,,112,,,,,0.005,0.315,0.008,1.5,14.5/24.5,82.3/50.3,,7.9,0.0868,3.53,,,,,,,,0.89,4.2,,46,,,,82.4,78.7,0.499,0.654
Chile,SouthAmerica,756102.0,18055,24.3,98.2,240796.0,0.023,13416.2,0.039,0.32799999999999996,0.633,0.096,0.22899999999999998,0.675,0.068,111,111,59884,58804,1080,-4761,0.009000000000000001,0.895,0.011000000000000001,1.8,20.3/16.0,469.4/2.6,3.7,7.4,0.078,1.7166666666666666,0.049,100.0/103.3,101.3/100.0,94.4/83.0,0.158,129.5,64.3,1.97,23.4,540,85,99.7/93.3,100.0/90.9,0.02,81.3,76.2,0.507,0.747
China,Eastern Asia,9600000.0,1409517,150.1,106.3,1.1158457E7,0.069,8109.1,0.092,0.41100000000000003,0.49700000000000005,0.27,0.239,0.491,0.046,132,133,2118981,1588696,530285,330602,0.005,0.556,0.03,1.6,17.7/16.2,978.0/0.1,301.7,11.6,0.055,1.5,,104.3/104.0,95.6/93.2,47.3/39.9,0.237,93.2,50.3,10.8,22.0,101394,87,97.5/93.0,86.6/63.7,0.00,77.2,74.2,0.63,0.777
Colombia,SouthAmerica,1141748.0,49066,44.2,96.8,292080.0,0.031,6056.1,0.068,0.34,0.5920000000000001,0.135,0.166,0.6990000000000001,0.105,114,115,31045,44831,-13786,-18922,0.01,0.764,0.017,1.9,23.5/11.6,133.1/0.3,7127.0,17.9,0.07200000000000001,1.7166666666666666,0.045,111.6/115.4,101.5/94.8,59.9/51.5,0.187,115.7,55.9,8.35,52.8,5380,31,96.8/73.8,85.2/67.9,0.47,77.4,70.2,0.58,0.7979999999999999
Comoros,EasternAfrica,2235.0,814,437.4,101.8,1079.0,0.048,1368.9,0.307,0.04,0.653,0.62,0.052000000000000005,0.32799999999999996,0.2,107,107,20,193,-173,,0.024,0.28300000000000003,0.027000000000000003,4.6,39.8/4.9,12.6/1.6,,58.1,0.067,0.27142857142857146,0.043,99.5/106.8,62.4/58.4,8.0/9.8,0.061,54.8,7.5,1.14,20.1,3,6,92.6/89.1,48.3/30.9,12.05,64.5,61.2,0.35700000000000004,0.795
Congo,MiddleAfrica,342000.0,5261,15.4,100.1,8493.0,0.012,1838.1,0.047,0.7,0.253,0.40700000000000003,0.258,0.335,0.115,106,106,2540,9793,-7253,,0.026000000000000002,0.654,0.032,4.9,42.3/5.2,393.0/8.5,54.9,46.5,0.052000000000000005,1.7,,114.8/107.0,50.6/58.4,8.3/11.1,0.07400000000000001,111.7,7.6,1.34,65.4,648,24,95.8/40.0,20.0/5.6,1.05,64.1,61.0,0.6709999999999999,0.726
Cook Islands,Polynesia,236.0,17,72.4,97.4,294.0,0.055,14118.7,0.081,0.09,0.8290000000000001,0.043,0.11699999999999999,0.84,0.08199999999999999,91,91,14,98,-84,,-0.012,0.745,0.009000000000000001,2.6,26.9/14.2,4.2/19.9,,3.6,0.034,1.7,0.039,99.3/106.0,90.1/83.0,49.5/40.1,,,,0.75,62.9,,48,99.9/99.9,97.6/97.6,31.523333333333337,79.6,71.7,0.654,0.7659999999999999
Costa Rica,CentralAmerica,51100.0,4906,96.1,100.1,52958.0,0.037000000000000005,11015.0,0.051,0.215,0.7340000000000001,0.11599999999999999,0.191,0.693,0.086,127,129,9908,15322,-5414,-2493,0.011000000000000001,0.768,0.027000000000000003,1.9,21.6/13.6,421.7/8.8,10.1,9.3,0.09300000000000001,1.2,0.07200000000000001,109.5/110.1,125.6/120.7,60.9/46.6,0.35100000000000003,150.7,59.8,3.4,53.4,110,44,99.6/91.9,95.2/92.3,0.22,81.7,76.7,0.469,0.765
Croatia,SouthernEurope,56594.0,4189,74.9,93.1,48676.0,0.016,11479.4,0.040999999999999995,0.266,0.693,0.092,0.268,0.64,0.11699999999999999,91,91,13648,21830,-8182,2492,-0.004,0.59,0.001,1.5,14.7/26.8,576.9/13.6,15.5,3.9,0.078,3.1,0.046,98.1/97.8,100.6/95.9,79.8/58.8,0.19899999999999998,103.8,69.8,1.76,34.3,182,79,99.6/99.7,97.8/95.8,2.136,80.4,73.6,0.46299999999999997,0.584
Cuba,Caribbean,109884.0,11485,107.9,100.1,87206.0,0.044000000000000004,7656.6,0.05,0.205,0.745,0.129,0.11699999999999999,0.753,0.03,100,101,18000,4911,13089,,0.002,0.7709999999999999,0.001,1.7,16.0/20.1,13.3/0.1,0.4,5.5,0.111,7.5,,94.9/100.1,102.7/98.2,43.0/30.1,0.489,29.6,31.1,3.39,30.2,212,47,96.4/89.8,94.4/89.1,2.7011111111111115,81.3,77.1,0.42100000000000004,0.6829999999999999
Cyprus,WesternAsia,9251.0,1180,127.7,100.2,19561.0,0.017,21941.9,0.023,0.106,0.872,0.040999999999999995,0.16699999999999998,0.792,0.10300000000000001,80,80,1920,6604,-4684,-576,0.009000000000000001,0.669,0.009000000000000001,1.4,16.8/18.5,196.2/16.8,16.2,4.2,0.07400000000000001,2.5,0.061,99.3/99.3,99.4/100.1,69.4/51.1,0.179,95.4,71.7,0.72,18.7,5,72,100.0/100.0,100.0/100.0,4.015555555555554,82.2,77.7,0.578,0.7040000000000001
Czechia,EasternEurope,78868.0,10618,137.5,96.7,185156.0,0.045,17561.7,0.025,0.37799999999999995,0.597,0.025,0.37,0.605,0.039,102,102,161248,140316,20932,1683,0.001,0.73,0.003,1.5,15.4/25.6,405.1/3.8,6.0,2.5,0.07400000000000001,3.7,0.040999999999999995,99.9/99.6,106.1/105.1,76.3/54.2,0.2,129.2,81.3,0.53,34.5,1221,164,100.0/100.0,99.1/99.2,2.106666666666667,81.2,75.1,0.513,0.6779999999999999
Democratic People's Republic of Korea,EasternAsia,120538.0,25491,211.7,95.7,16283.0,-0.011000000000000001,648.0,0.21600000000000003,0.462,0.322,0.589,0.193,0.218,0.043,104,103,1010,2757,-1748,,0.005,0.609,0.006999999999999999,2.0,20.6/13.5,48.5/0.2,,18.5,0.06949999999999999,2.8,,76.9/76.7,93.9/92.9,19.8/36.0,0.163,12.9,0.0,0.78,42.8,871,20,99.9/99.4,87.9/72.5,1.105,74.1,67.2,0.736,0.8590000000000001
Democratic Republic of the Congo,MiddleAfrica,2344858.0,81340,35.9,99.6,37569.0,0.07,486.2,0.19899999999999998,0.442,0.359,0.653,0.059000000000000004,0.289,0.036000000000000004,104,104,5103,5906,-803,-1546,0.033,0.425,0.04,6.4,46.3/4.7,545.7/0.7,2163.3,73.2,0.043,1.7,0.022000000000000002,101.8/112.0,33.3/53.6,4.2/9.1,0.08900000000000001,53.0,3.8,3.49,67.4,1179,16,81.1/31.2,28.5/28.7,8.01,59.5,56.7,0.7040000000000001,0.718
Denmark,NorthernEurope,42921.0,5734,135.1,99.0,301308.0,0.016,53149.3,0.012,0.22899999999999998,0.758,0.024,0.192,0.784,0.06,105,105,94355,85133,9222,27582,0.005,0.877,0.006,1.7,16.5/25.3,572.5/10.1,48.2,3.5,0.10800000000000001,3.6,0.086,100.7/102.3,133.4/128.3,96.3/69.7,0.374,128.3,96.3,0.47,14.4,666,119,100.0/100.0,99.6/99.6,,82.2,78.1,0.581,0.66
Djibouti,EasternAfrica,23200.0,957,41.3,100.7,1737.0,0.065,1956.3,0.033,0.214,0.753,0.228,0.239,0.532,0.066,133,133,134,987,-852,-548,0.017,0.773,0.016,3.1,31.1/6.4,112.4/12.7,19.9,55.3,0.106,0.2,,60.9/68.6,43.5/52.9,4.0/5.9,0.10800000000000001,34.7,11.9,0.98,0.2,3,13,97.4/64.7,59.8/5.1,9.388125,63.2,60.0,0.365,0.685
Dominica,Caribbean,750.0,74,98.6,103.0,512.0,-0.018000000000000002,7051.1,0.154,0.132,0.715,,,,0.065,110,111,23,214,-191,-72,0.005,0.695,0.008,2.3,.../...,6.7/9.2,,,0.055,4.5,,114.8/117.2,99.8/101.2,,0.25,106.3,67.6,0.66,58.1,0,29,95.7/...,.../...,2.36,76.2,69.4,0.521,0.735
Dominican Republic,Caribbean,48671.0,10767,222.8,99.2,67103.0,0.07,6373.6,0.066,0.28,0.654,0.131,0.16899999999999998,0.7,0.14400000000000002,136,138,3747,22725,-18978,-1335,0.012,0.79,0.026000000000000002,2.5,29.3/10.2,415.6/3.9,1.3,25.1,0.044000000000000004,1.5,,98.7/108.1,81.7/74.1,65.0/35.4,0.268,82.6,51.9,1.84,40.4,28,28,85.4/81.9,86.2/75.7,0.43,76.4,70.2,0.523,0.7859999999999999
Ecuador,SouthAmerica,257217.0,16625,66.9,99.9,100177.0,0.002,6205.1,0.10099999999999999,0.341,0.5579999999999999,0.257,0.192,0.551,0.057999999999999996,118,119,16798,16189,609,-2201,0.016,0.637,0.019,2.6,28.4/10.5,387.5/2.4,133.1,21.1,0.092,1.7,0.05,107.9/107.4,109.2/105.3,45.3/34.6,0.41600000000000004,79.4,48.9,23.58,50.8,1247,42,93.4/75.5,87.0/80.7,0.31,78.4,72.8,0.491,0.799
Egypt,NorthernAfrica,1002000.0,97553,98.0,102.3,315917.0,0.042,3452.3,0.11199999999999999,0.363,0.525,0.254,0.253,0.493,0.115,120,122,22507,58053,-35545,-16786,0.022000000000000002,0.431,0.017,3.4,33.5/7.9,491.6/0.5,256.5,18.9,0.055999999999999994,0.8,,103.8/104.1,85.9/86.3,35.6/36.9,0.149,111.0,35.9,1.56,0.1,3509,36,100.0/99.0,96.8/93.1,0.78,73.0,68.7,0.231,0.762
El Salvador,CentralAmerica,21041.0,6378,307.8,88.5,25850.0,0.025,4219.4,0.10800000000000001,0.258,0.633,0.18600000000000003,0.20199999999999999,0.612,0.064,111,117,5335,9855,-4519,-920,0.005,0.667,0.013999999999999999,2.2,27.4/11.6,42.0/0.7,4.7,17.0,0.068,1.4500000000000002,0.035,106.8/111.4,79.7/79.2,30.5/27.7,0.321,145.3,26.9,0.86,13.0,86,28,97.5/86.5,82.4/60.0,0.36,77.1,67.9,0.495,0.795
Equatorial Guinea,MiddleAfrica,28052.0,1268,45.2,124.0,13812.0,-0.07400000000000001,16344.1,0.012,0.731,0.257,0.188,0.18,0.632,0.077,117,118,7443,5456,1987,,0.042,0.39899999999999997,0.031,5.0,37.2/4.4,10.8/1.3,,70.0,0.038,1.7,,78.2/80.0,.../...,.../...,0.24,66.7,21.3,1.77,56.3,841,87,72.5/31.5,79.9/71.0,0.15,58.4,55.5,0.715,0.9179999999999999
Eritrea,EasternAfrica,117600.0,5069,50.2,100.4,4783.0,0.048,914.9,0.172,0.235,0.593,0.57,0.076,0.354,0.073,109,109,16,3325,-3310,,0.02,0.226,0.051,4.4,41.8/5.3,15.9/0.3,2.3,45.0,0.033,0.27142857142857146,,45.9/53.2,28.1/32.9,1.7/3.4,0.22,7.0,1.1,1.22,15.0,27,7,73.2/53.3,44.6/7.3,9.388125,65.6,61.4,0.778,0.9009999999999999
Estonia,NorthernEurope,45227.0,1310,30.9,88.2,22460.0,0.013999999999999999,17112.0,0.034,0.27399999999999997,0.6920000000000001,0.038,0.29,0.6729999999999999,0.07200000000000001,136,136,13952,15759,-1807,493,-0.003,0.675,-0.004,1.6,16.4/25.9,202.3/15.4,84.2,3.2,0.064,3.3,0.055,98.5/98.3,114.7/115.6,84.8/55.4,0.267,148.7,88.4,0.23,52.7,242,193,100.0/99.0,97.5/96.6,,81.2,71.8,0.5539999999999999,0.6940000000000001
Ethiopia,EasternAfrica,1104300.0,104957,105.0,99.7,59917.0,0.096,602.8,0.405,0.16,0.435,0.705,0.084,0.21100000000000002,0.057,158,157,1724,19121,-17397,,0.026000000000000002,0.195,0.049,4.6,40.6/5.3,1072.9/1.1,745.7,45.8,0.049,0.27142857142857146,0.045,97.2/106.9,34.4/35.9,5.3/10.9,0.38799999999999996,42.8,11.6,1.48,12.5,1308,15,93.1/48.6,27.2/28.2,5.28,65.5,61.9,0.7709999999999999,0.8909999999999999
Falkland Islands (Malvinas),SouthAmerica,12173.0,3,0.2,110.5,20658.0,0.027999999999999997,5488.2,,0.26,0.605,,,,0.012,96,105,4,17,-13,,0.003,0.762,0.01,2.3,16.4/15.7,1.6/54.1,,,0.06974999999999999,1.7166666666666666,,,,,,163.5,98.3,0.23,0.0,0,257,,,0.4158333333333333,76.2,69.4,0.772,0.86
Faroe Islands,NorthernEurope,1393.0,49,35.3,107.2,20658.0,0.027999999999999997,5488.2,,0.26,0.605,,,,0.04,102,102,1192,976,216,,0.002,0.42,0.005,2.4,21.0/22.5,5.5/11.4,,,0.0868,3.53,,,,,,127.3,94.2,0.21,0.1,1,182,,,,84.5,78.3,0.794,0.86
Fiji,Melanesia,18272.0,906,49.6,103.1,4391.0,0.036000000000000004,4921.9,0.113,0.18100000000000002,0.7070000000000001,0.213,0.028999999999999998,0.758,0.077,88,88,926,2316,-1391,-72,0.006999999999999999,0.537,0.015,2.6,28.5/9.9,13.8/1.5,~0.0,16.0,0.045,0.2,0.039,105.1/106.0,93.4/84.3,.../...,0.16,108.2,46.3,2.91,55.4,8,26,99.5/91.2,93.4/88.4,2.46,72.9,66.9,0.37,0.7120000000000001
Finland,NorthernEurope,338440.0,5523,18.2,97.2,231960.0,0.002,42148.1,0.025,0.268,0.706,0.042,0.22,0.738,0.08900000000000001,101,101,57326,60502,-3176,-979,0.004,0.8420000000000001,0.005,1.8,16.4/27.8,315.9/5.7,32.6,2.3,0.09699999999999999,3.0,0.07200000000000001,101.4/101.7,156.3/142.8,95.6/79.3,0.42,135.5,92.7,0.36,73.1,757,257,100.0/100.0,99.4/88.0,,83.7,77.7,0.545,0.617
France,WesternEurope,551500.0,64980,118.7,96.7,2418946.0,0.013000000000000001,36304.2,0.017,0.195,0.7879999999999999,0.027000000000000003,0.205,0.768,0.098,103,103,488885,560555,-71670,-4861,0.004,0.795,0.008,2.0,18.1/25.7,7784.4/12.1,356.2,3.4,0.115,3.2,0.055,105.0/105.7,111.2/110.1,71.0/57.9,0.258,102.6,84.7,2.78,30.8,5694,158,100.0/100.0,98.6/98.9,,85.0,78.8,0.503,0.594
French Guiana,SouthAmerica,83534.0,283,3.4,100.0,20658.0,0.027999999999999997,5488.2,,0.26,0.605,,0.149,0.583,0.213,120,120,,,,,0.027999999999999997,0.8440000000000001,0.027999999999999997,3.5,33.2/8.4,106.1/39.5,,9.3,0.06974999999999999,1.7166666666666666,,,,,,,,0.73,98.9,3,50,94.5/75.1,94.9/75.8,0.4158333333333333,82.6,76.1,0.484,0.588
French Polynesia,Polynesia,4000.0,283,77.3,103.7,5135.0,0.016,18161.0,0.027999999999999997,0.11900000000000001,0.852,0.08900000000000001,0.16899999999999998,0.742,0.17,98,98,173,1491,-1319,208,0.006999999999999999,0.5589999999999999,0.009000000000000001,2.1,23.3/11.9,30.1/10.6,,6.9,0.0794,1.7,,,,,,94.9,64.6,1.75,42.3,1,43,100.0/100.0,98.5/98.5,31.523333333333337,78.6,74.0,0.46399999999999997,0.63
Gabon,MiddleAfrica,267668.0,2025,7.9,105.6,13735.0,0.039,7960.7,0.038,0.545,0.41700000000000004,0.162,0.191,0.648,0.18100000000000002,97,92,2851,2930,-79,,0.033,0.872,0.027000000000000003,4.0,35.9/6.4,268.4/15.6,2.9,40.8,0.034,1.7,0.027000000000000003,139.9/144.0,,.../...,0.171,168.9,23.5,2.7,88.5,559,64,97.2/66.7,43.4/31.5,0.73,65.8,63.1,0.40700000000000003,0.583
Gambia,WesternAfrica,11295.0,2101,207.6,98.0,942.0,0.047,473.2,0.21100000000000002,0.149,0.64,0.304,0.14400000000000002,0.552,0.297,82,82,32,471,-439,,0.031,0.596,0.043,5.6,45.3/3.8,192.5/9.7,7.9,49.8,0.073,1.0516196572178862,0.027999999999999997,96.8/90.1,.../...,2.5/3.7,0.094,131.3,17.1,0.67,48.1,7,7,94.2/84.4,61.5/55.0,12.35,61.6,59.1,0.722,0.826
Georgia,WesternAsia,69700.0,3912,56.3,91.4,13965.0,0.027999999999999997,3491.4,0.09,0.24100000000000002,0.669,0.447,0.11199999999999999,0.441,0.114,85,86,2114,7236,-5122,-1775,-0.013999999999999999,0.536,-0.001,2.0,19.2/20.8,168.8/4.2,274.1,11.2,0.07400000000000001,4.8,0.02,118.2/115.5,103.8/103.6,47.8/39.2,0.16,129.0,45.2,1.2,40.6,61,47,100.0/100.0,95.2/75.9,3.30,77.0,68.5,0.579,0.79
Germany,WesternEurope,357376.0,82114,235.6,97.0,3363600.0,0.017,41686.2,0.006,0.305,0.6890000000000001,0.013999999999999999,0.275,0.7120000000000001,0.042,111,111,1340752,1060672,280080,279969,0.002,0.753,0.002,1.4,13.1/28.0,12005.7/14.9,1052.1,3.4,0.113,4.1,0.05,104.7/105.2,99.6/105.6,66.8/69.7,0.37,116.7,87.6,1.16,32.7,5004,158,100.0/100.0,99.3/99.0,,82.9,77.9,0.545,0.6609999999999999
Ghana,WesternAfrica,238537.0,28834,126.7,99.3,37156.0,0.039,1355.6,0.19,0.26899999999999996,0.541,0.419,0.142,0.43799999999999994,0.059000000000000004,144,144,7221,11939,-4718,-2809,0.024,0.54,0.034,4.2,38.5/5.3,399.5/1.5,27.3,46.5,0.036000000000000004,1.0516196572178862,0.062,108.7/107.3,61.1/63.1,13.2/19.1,0.127,129.7,23.5,2.38,40.9,410,14,92.6/84.0,20.2/8.6,4.81,62.6,60.7,0.757,0.7879999999999999
Gibraltar,SouthernEurope,6.0,35,3457.1,101.8,20658.0,0.027999999999999997,5488.2,,0.26,0.605,,,,0.065,,112,234,533,-299,,0.006,1.0,0.001,2.3,18.1/22.4,11.1/34.3,,,0.08250000000000002,3.5071428571428562,,,,,,129.5,65.0,0.31,0.0,,259,,,2.136,76.2,69.4,0.521,0.735
Greece,SouthernEurope,131957.0,11160,86.6,96.9,194860.0,-0.002,17788.0,0.040999999999999995,0.157,0.802,0.129,0.15,0.721,0.23,86,87,27811,47595,-19784,218,-0.004,0.78,0.005,1.3,14.2/26.5,1242.5/11.3,94.7,3.3,0.081,6.3,,97.1/98.1,103.4/109.5,113.7/114.0,0.183,114.0,66.8,3.74,31.2,368,89,100.0/100.0,99.2/98.1,2.136,83.3,78.0,0.441,0.601
Greenland,NorthernAmerica,2166086.0,56,0.1,112.1,2078.0,0.003,36976.7,0.1,0.159,0.741,0.046,0.126,0.825,0.09699999999999999,99,99,553,623,-71,,-0.001,0.8640000000000001,0.006999999999999999,2.0,21.0/13.2,6.0/10.7,,,0.1375,2.55,,,,,,106.5,67.6,0.23,~0.0,2,154,100.0/100.0,100.0/100.0,,73.4,68.7,0.521,0.735
Grenada,Caribbean,345.0,108,317.1,100.9,954.0,0.062,8933.8,0.083,0.139,0.778,,,,0.065,103,103,30,350,-320,-213,0.004,0.35600000000000004,0.003,2.2,26.3/10.5,7.1/6.6,~0.0,9.6,0.061,4.5,,102.9/106.8,99.0/99.4,97.9/84.5,0.33299999999999996,112.2,53.8,0.54,50.0,0,35,99.0/95.3,97.5/98.3,2.55,75.6,70.8,0.521,0.735
Guadeloupe,Caribbean,1705.0,450,266.0,86.4,20658.0,0.027999999999999997,5488.2,,0.26,0.605,0.033,0.135,0.655,0.261,100,100,,,,,0.012,0.9840000000000001,0.005,2.0,18.6/23.6,98.5/21.0,,5.8,0.06699999999999999,4.5,,,,,,,,0.73,43.0,5,80,99.3/99.8,97.0/89.5,2.7011111111111115,84.0,76.8,0.496,0.565
Guam,Micronesia,549.0,164,304.1,102.6,20658.0,0.027999999999999997,5488.2,,0.26,0.605,0.002,0.14,0.857,0.107,88,88,,,,,0.003,0.945,0.013999999999999999,2.4,24.7/14.0,76.1/44.8,,9.6,0.1066,0.35,,,,,,,73.1,0.99,46.3,,46,99.5/99.5,89.8/89.8,20.83,81.5,76.4,0.552,0.687
Guatemala,CentralAmerica,108889.0,16914,157.8,96.9,63794.0,0.040999999999999995,3903.5,0.10800000000000001,0.272,0.62,0.32,0.185,0.494,0.024,158,158,10572,16987,-6415,-96,0.021,0.516,0.034,3.2,35.1/6.9,76.4/0.5,1.8,26.9,0.062,1.4500000000000002,0.03,99.8/103.8,63.3/67.9,23.5/20.2,0.127,111.5,27.1,2.9,33.4,327,32,98.4/86.8,77.5/49.3,0.66,75.6,69.2,0.41700000000000004,0.84
Guinea,WesternAfrica,245857.0,12717,51.8,100.6,8875.0,0.001,703.9,0.198,0.32799999999999996,0.474,0.6970000000000001,0.07400000000000001,0.22899999999999998,0.068,130,131,1753,2082,-329,-1240,0.023,0.37200000000000005,0.038,5.1,42.3/5.2,228.4/1.8,9.2,65.7,0.055999999999999994,1.0516196572178862,0.032,83.8/98.6,30.7/46.8,6.7/14.9,0.21899999999999997,87.2,4.7,1.85,26.0,113,12,92.7/67.4,34.1/11.8,8.65,58.4,57.4,0.794,0.851
Guinea-Bissau,WesternAfrica,36125.0,1861,66.2,96.9,978.0,0.048,530.0,0.45,0.145,0.405,0.601,0.057999999999999996,0.341,0.065,137,138,885,212,673,-53,0.026000000000000002,0.493,0.040999999999999995,4.9,41.5/4.9,22.3/1.2,8.8,80.4,0.055999999999999994,1.0516196572178862,0.022000000000000002,.../...,.../...,,0.13699999999999998,69.3,3.5,0.77,70.5,25,17,98.8/60.3,33.5/8.5,9.03,57.7,54.3,0.674,0.785
Guyana,SouthAmerica,214969.0,778,4.0,101.9,3282.0,0.031,4278.8,0.17600000000000002,0.317,0.506,0.184,0.254,0.562,0.113,142,143,1453,1625,-172,-144,0.006,0.28600000000000003,0.008,2.6,29.0/8.6,15.4/2.0,~0.0,33.2,0.052000000000000005,1.7166666666666666,0.032,83.9/86.9,89.0/89.7,16.8/8.2,0.319,67.2,38.2,0.94,84.0,7,46,98.2/98.3,87.9/82.0,0.97,68.6,64.0,0.419,0.77
Haiti,Caribbean,27750.0,10981,398.4,97.8,8501.0,0.017,793.7,0.16699999999999998,0.382,0.451,0.469,0.126,0.406,0.129,163,166,984,3316,-2332,-723,0.013999999999999999,0.586,0.038,3.1,33.0/7.3,39.5/0.4,1.9,46.9,0.076,4.5,,,,,0.026000000000000002,69.9,12.2,2.05,3.5,136,16,64.9/47.6,33.6/19.2,11.73,64.4,60.2,0.62,0.7170000000000001
Holy See,SouthernEurope,69797.0,1,1800.0,219.2,20658.0,0.027999999999999997,5488.2,,0.26,0.605,,,,0.065,,112,,,,,0.012,1.0,,2.3,,0.8/100.0,,,0.08250000000000002,3.5071428571428562,,,,,,,,0.01,,,46,,,2.136,76.2,69.4,0.521,0.735
Honduras,CentralAmerica,112492.0,9265,82.8,99.4,20365.0,0.036000000000000004,2521.9,0.13,0.251,0.619,0.294,0.21600000000000003,0.49,0.055999999999999994,122,119,3657,8448,-4791,-1291,0.018000000000000002,0.547,0.031,2.6,31.6/7.0,28.1/0.3,176.2,27.8,0.087,1.4500000000000002,0.059000000000000004,110.1/111.3,77.0/64.8,25.4/18.8,0.258,95.5,20.4,3.01,42.1,105,28,97.4/83.8,86.7/77.7,2.86,75.4,70.4,0.47600000000000003,0.845
Hong Kong,Eastern Asia,69797.0,1106,7365.0,7014.2,85.1,3092.36,2.4,424.31,0.001,0.07200000000000001,0.927,0.002,0.149,0.8490000000000001,52.6/67.8,34,34,516588,547124,-30536,101.01,0.006,1.0,0.7,86.4/80.5,11.5/23.5,2838.7/38.9,2.5,0.016,2.7650520501380953,,3.3,,98.8/102.8,,,228.8,0.8490000000000001,64,46.2/6.4,46,83,,,1.2,69.4,0.035,0.735
Hungary,EasternEurope,93024.0,9722,107.4,90.7,121715.0,0.031,12350.6,0.040999999999999995,0.319,0.64,0.043,0.298,0.659,0.045,99,99,103071,92044,11027,3946,-0.003,0.7120000000000001,0.005,1.3,14.3/26.0,449.6/4.6,14.4,4.9,0.07400000000000001,3.3,0.047,101.3/101.9,105.3/105.1,56.7/45.3,0.10099999999999999,118.9,72.8,0.66,22.8,423,97,100.0/100.0,97.8/98.6,2.106666666666667,78.8,71.7,0.466,0.624
Iceland,NorthernEurope,103000.0,335,3.3,100.7,16780.0,0.042,50936.0,0.064,0.24,0.6970000000000001,0.04,0.177,0.782,0.036000000000000004,117,117,4450,5703,-1254,854,0.006,0.941,0.013000000000000001,2.0,20.1/20.1,37.5/11.4,0.5,1.6,0.08900000000000001,3.8,0.078,98.6/99.7,121.0/116.3,103.1/60.2,0.47600000000000003,114.0,98.2,0.27,0.5,284,952,100.0/100.0,98.7/100.0,,83.8,80.6,0.703,0.772
India,SouthernAsia,3287263.0,1339180,450.4,107.6,2116239.0,0.076,1614.2,0.17,0.297,0.532,0.44299999999999995,0.245,0.312,0.034,143,142,260327,356705,-96378,-22457,0.012,0.327,0.024,2.4,27.8/9.4,5241.0/0.4,211.1,41.3,0.047,0.7,0.038,115.1/102.8,74.5/73.5,26.7/27.0,0.11800000000000001,78.8,26.0,10.52,23.7,23103,27,97.1/92.6,62.6/28.5,0.16,69.1,66.2,0.27,0.7909999999999999
Indonesia,South-easternAsia,1910931.0,263991,145.7,101.4,861934.0,0.048,3346.5,0.14,0.413,0.447,0.314,0.22399999999999998,0.462,0.057999999999999996,139,140,144490,135653,8837,-17697,0.012,0.537,0.027000000000000003,2.4,27.4/8.6,328.8/0.1,13.8,25.0,0.027999999999999997,0.2,0.036000000000000004,104.4/107.2,86.0/85.7,25.7/22.9,0.198,132.4,22.0,12.81,50.6,19481,35,94.2/79.5,72.3/47.5,0.00,70.7,66.6,0.51,0.8370000000000001
Iran (Islamic Republic of),SouthernAsia,1628750.0,81163,49.8,101.2,398563.0,0.004,5038.1,0.086,0.391,0.523,0.166,0.325,0.509,0.113,106,107,45627,35333,10294,,0.012,0.7340000000000001,0.021,1.7,23.7/8.8,2726.4/3.4,978.3,14.8,0.075,1.5,0.028999999999999998,111.7/106.3,88.9/89.4,67.7/75.9,0.059000000000000004,93.4,44.1,1.34,6.6,13291,127,97.7/92.1,92.8/82.3,0.02,76.2,74.0,0.163,0.732
Iraq,WesternAsia,435052.0,38275,88.1,102.5,164234.0,-0.024,4509.0,0.046,0.58,0.374,0.204,0.21,0.586,0.161,123,123,27341,45831,-18490,4121,0.032,0.695,0.03,4.6,40.4/5.0,353.9/1.0,4736.2,32.1,0.055,0.9,,.../...,.../...,.../...,0.253,93.8,17.2,0.72,1.9,6744,58,93.8/70.1,86.4/83.8,0.88,71.4,67.0,0.153,0.6990000000000001
Ireland,NorthernEurope,69797.0,4762,69.1,98.4,283716.0,0.263,60513.6,0.01,0.41700000000000004,0.573,0.048,0.177,0.774,0.076,102,102,129315,76997,52318,28967,0.003,0.632,0.016,2.0,21.6/19.1,746.3/15.9,10.5,3.4,0.078,2.8,0.053,102.0/100.9,129.4/125.6,87.6/80.1,0.222,103.7,80.1,0.5,10.9,84,114,97.9/97.8,89.1/92.9,,83.0,78.7,0.519,0.6709999999999999
Isle of Man,NorthernEurope,572.0,84,147.9,98.2,20658.0,0.027999999999999997,5488.2,,0.26,0.605,,,,0.026000000000000002,,112,,,,,0.008,0.522,0.008,2.3,16.0/26.9,45.2/51.5,,,0.0868,3.53,,,,,,,,0.03,6.1,0,3,,,,76.2,69.4,0.575,0.693
Israel,WesternAsia,22072.0,8322,384.5,98.7,299413.0,0.025,37129.4,0.013000000000000001,0.212,0.775,0.01,0.179,0.81,0.059000000000000004,112,112,60571,65803,-5232,13642,0.016,0.9209999999999999,0.013999999999999999,3.0,27.9/16.1,2011.7/24.9,44.7,3.4,0.078,3.6,0.057999999999999996,105.1/104.4,103.0/102.0,75.5/54.6,0.275,133.5,78.9,1.74,7.5,313,119,100.0/100.0,100.0/100.0,4.015555555555554,83.7,80.0,0.585,0.69
Italy,SouthernEurope,302073.0,59360,201.8,95.1,1821580.0,0.006999999999999999,30462.4,0.022000000000000002,0.235,0.742,0.035,0.271,0.6940000000000001,0.114,89,89,461529,404578,56951,29348,-0.001,0.69,0.004,1.4,13.5/29.4,5788.9/9.7,216.7,3.0,0.092,3.9,0.040999999999999995,100.6/101.4,101.7/104.1,72.2/53.2,0.31,151.3,65.6,3.59,31.4,1539,103,100.0/100.0,99.5/99.6,2.136,84.7,79.9,0.392,0.578
Jamaica,Caribbean,10990.0,2890,266.9,99.0,14262.0,0.01,5105.8,0.071,0.223,0.705,0.179,0.153,0.6679999999999999,0.131,102,102,1202,4767,-3565,-400,0.004,0.5479999999999999,0.009000000000000001,2.1,22.7/13.6,23.2/0.8,~0.0,15.0,0.054000000000000006,4.5,0.055,.../...,85.1/79.2,34.6/20.1,0.175,111.5,43.2,3.11,31.0,8,37,97.5/89.4,79.9/84.1,0.42,77.9,73.1,0.581,0.727
Japan,EasternAsia,377930.0,127484,349.7,95.4,4383076.0,0.012,34628.7,0.012,0.264,0.7240000000000001,0.037000000000000005,0.265,0.698,0.03,96,97,644932,606924,38008,135608,-0.001,0.935,0.006,1.4,12.9/33.4,2043.9/1.6,19.4,2.2,0.102,2.3,0.036000000000000004,101.2/101.3,101.9/101.6,60.9/65.7,0.09300000000000001,125.0,93.3,4.04,68.5,1114,146,100.0/100.0,100.0/100.0,1.105,86.4,80.0,0.489,0.6970000000000001
Jordan,WesternAsia,89318.0,9702,109.3,102.6,37517.0,0.024,4940.1,0.04,0.27699999999999997,0.684,0.02,0.17800000000000002,0.802,0.134,134,135,7509,19207,-11698,-3332,0.049,0.8370000000000001,0.038,3.6,35.5/5.7,3112.0/41.0,721.4,17.1,0.075,2.6,,97.6/97.1,84.8/80.2,47.3/42.5,0.154,179.4,53.4,1.13,1.1,7,47,97.8/92.3,98.6/98.9,5.80,75.5,72.2,0.145,0.645
Kazakhstan,CentralAsia,2724902.0,18204,6.7,93.9,181754.0,0.012,10312.1,0.05,0.325,0.625,0.18100000000000002,0.204,0.616,0.055999999999999994,126,127,36775,25175,11601,-5464,0.016,0.532,0.009000000000000001,2.7,27.9/11.1,3546.8/20.1,9.2,14.1,0.044000000000000004,3.3,0.027999999999999997,109.1/108.8,113.5/110.6,51.3/41.4,0.271,187.2,72.9,0.82,1.2,7091,193,99.4/85.6,97.0/98.1,0.05,73.9,64.3,0.6629999999999999,0.775
Kenya,EasternAfrica,591958.0,49700,87.3,98.8,63399.0,0.055999999999999994,1376.7,0.32,0.19,0.49,0.619,0.086,0.295,0.10800000000000001,126,126,5688,14109,-8420,-6339,0.027000000000000003,0.256,0.043,4.1,40.5/4.3,1084.4/2.4,582.4,39.4,0.057,0.2,0.053,108.7/109.3,.../...,.../...,0.19399999999999998,80.7,45.6,4.8,7.7,750,20,81.6/56.8,31.2/29.7,3.93,67.8,63.0,0.624,0.7240000000000001
Kiribati,Micronesia,726.0,116,143.7,97.3,162.0,0.037000000000000005,1442.9,0.24100000000000002,0.136,0.622,,,,0.065,61,61,3,116,-113,45,0.018000000000000002,0.44299999999999995,0.018000000000000002,3.8,35.0/6.4,3.2/2.8,,46.9,0.102,0.2,,106.1/102.9,.../...,,0.065,38.8,13.0,1.04,15.0,0,8,87.3/50.6,51.2/30.6,20.05,68.9,62.4,0.521,0.735
Kuwait,WesternAsia,17818.0,4136,232.1,134.9,114054.0,0.018000000000000002,29303.9,0.006,0.48700000000000004,0.507,0.026000000000000002,0.273,0.701,0.022000000000000002,199,199,46238,30825,15413,8584,0.054000000000000006,0.983,0.036000000000000004,2.0,21.1/4.9,2866.1/73.6,94.7,8.4,0.03,1.9,,103.0/102.4,102.7/88.2,33.1/20.4,0.031,231.8,82.1,0.49,0.4,6941,380,99.0/99.0,100.0/100.0,4.015555555555554,75.5,73.5,0.47700000000000004,0.836
Kyrgyzstan,CentralAsia,199949.0,6045,31.5,98.4,6572.0,0.035,1106.4,0.154,0.259,0.5870000000000001,0.292,0.21,0.498,0.077,108,110,1423,3844,-2421,-721,0.016,0.35700000000000004,0.016,3.1,31.8/7.6,204.4/3.4,8.2,19.6,0.065,1.9,0.055,106.8/107.9,92.8/91.4,53.3/40.8,0.192,132.8,30.2,0.44,3.4,80,27,96.7/86.2,89.1/95.6,12.16,74.3,66.4,0.49700000000000005,0.775
Lao People's Democratic Republic,South-easternAsia,236800.0,6858,29.7,99.5,12585.0,0.076,1850.2,0.23600000000000002,0.32799999999999996,0.436,0.7829999999999999,0.04,0.177,0.015,193,186,2066,4513,-2447,-2264,0.013000000000000001,0.386,0.049,2.9,32.9/6.3,22.2/0.3,,47.3,0.019,0.2,0.033,109.1/113.5,59.3/64.1,16.5/17.3,0.275,53.1,18.2,2.09,80.5,72,12,85.6/69.4,94.5/56.0,4.03,66.8,63.9,0.779,0.778
Latvia,NorthernEurope,64573.0,1950,31.3,84.9,27004.0,0.027000000000000003,13704.1,0.032,0.233,0.735,0.073,0.23,0.6970000000000001,0.096,130,130,11433,13596,-2163,-210,-0.012,0.674,-0.006999999999999999,1.5,15.4/26.2,263.1/13.4,252.6,6.5,0.059000000000000004,3.2,0.053,99.2/100.1,119.1/119.9,79.2/55.5,0.16,127.0,79.2,0.3,54.0,108,99,99.8/98.3,90.8/81.5,,78.7,68.8,0.545,0.677
Lebanon,WesternAsia,10452.0,6082,594.6,100.6,50149.0,0.015,8571.4,0.032,0.196,0.772,0.08199999999999999,0.22399999999999998,0.6940000000000001,0.07,95,95,3402,20409,-17007,-8146,0.06,0.878,0.032,1.7,23.1/12.0,1997.8/34.1,1054.2,9.2,0.064,2.4,0.026000000000000002,88.3/96.6,61.0/61.5,45.7/39.5,0.031,87.1,74.0,0.87,13.4,7,55,99.0/99.0,80.7/80.7,2.04,80.9,77.3,0.23800000000000002,0.706
Lesotho,SouthernAfrica,30355.0,2233,73.6,94.4,2008.0,0.027999999999999997,940.6,0.077,0.313,0.61,0.397,0.2,0.40299999999999997,0.275,101,100,648,1727,-1079,-168,0.013000000000000001,0.273,0.03,3.3,35.4/6.7,6.6/0.3,~0.0,59.8,0.106,0.6000000000000001,,104.0/107.0,62.0/45.7,11.7/8.0,0.25,105.5,16.1,0.18,1.6,31,28,94.6/77.0,37.3/27.6,4.11,54.7,50.1,0.597,0.746
Liberia,WesternAfrica,111369.0,4732,49.1,101.8,2053.0,0.003,455.9,0.708,0.114,0.179,0.45299999999999996,0.11699999999999999,0.43,0.040999999999999995,104,121,641,727,-86,-860,0.026000000000000002,0.49700000000000005,0.034,4.8,41.8/4.9,113.8/2.5,22.1,59.0,0.1,1.0516196572178862,0.027999999999999997,89.1/98.5,32.5/41.9,9.0/14.2,0.12300000000000001,81.1,5.9,1.72,43.7,73,19,88.6/62.6,28.0/5.9,61.73,61.6,59.8,0.579,0.6409999999999999
Libya,NorthernAfrica,1676198.0,6375,3.6,101.7,34457.0,-0.102,5488.2,0.009000000000000001,0.6709999999999999,0.32,0.191,0.251,0.5579999999999999,0.192,113,114,4615,8876,-4261,-108,0.002,0.7859999999999999,0.011000000000000001,2.4,28.2/6.6,771.1/12.3,472.5,24.3,0.05,2.1,,.../...,.../...,.../...,0.16,157.0,19.0,0.63,0.1,1505,119,.../...,96.8/95.7,0.51,74.4,68.8,0.278,0.784
Liechtenstein,WesternEurope,160.0,38,237.0,98.4,6361.0,0.013999999999999999,169491.8,0.006999999999999999,0.401,0.5920000000000001,,,,0.026000000000000002,102,102,,,,,0.008,0.14300000000000002,0.005,1.5,14.9/22.7,23.5/62.6,0.3,,0.09799999999999999,4.0625,0.026000000000000002,104.8/106.5,101.7/130.7,21.9/44.8,0.12,108.8,96.6,0.06,43.1,1,74,,,,76.2,69.4,0.535,0.706
Lithuania,NorthernEurope,65286.0,2890,46.1,85.4,41402.0,0.018000000000000002,14383.7,0.036000000000000004,0.298,0.665,0.087,0.245,0.6679999999999999,0.092,125,125,25025,27501,-2476,-977,-0.013000000000000001,0.665,-0.005,1.6,14.8/25.3,136.0/4.7,4.7,4.4,0.066,4.3,0.046,103.7/103.2,106.1/110.3,82.0/55.8,0.213,139.5,71.4,0.26,34.8,74,98,99.7/90.4,97.2/82.8,,79.3,68.5,0.541,0.6609999999999999
Luxembourg,WesternEurope,2586.0,584,225.3,101.0,56802.0,0.035,100160.8,0.002,0.121,0.877,0.013000000000000001,0.102,0.885,0.055999999999999994,98,98,12838,19124,-6285,2962,0.022000000000000002,0.902,0.017,1.5,16.4/19.6,249.3/44.0,4.2,3.4,0.069,2.9,0.040999999999999995,97.3/96.9,103.5/101.1,20.7/18.2,0.28300000000000003,148.5,97.3,0.11,33.5,6,290,100.0/100.0,97.5/98.5,,83.4,78.8,0.52,0.655
Macau,Eastern Asia,69797.0,30,623.0,20821.6,92.3,461.78,-20.3,785.8639999999999,0.26,0.066,0.934,0.003,0.177,0.821,65.6/76.4,86,86,1257,8924,-7668,115.57,0.023,1.0,1.8,86.2/80.3,13.3/16.1,342.7/58.3,~0.0,0.03,2.7650520501380953,,2.0,99.7/101.1,95.9/97.0,,,324.4,0.7759999999999999,11,1.3/2.2,2,62,,,1.2,69.4,0.032,0.735
Madagascar,EasternAfrica,587295.0,25571,44.0,99.5,9739.0,0.031,401.8,0.249,0.184,0.5670000000000001,0.742,0.094,0.165,0.023,119,120,2256,2965,-709,-622,0.027000000000000003,0.35100000000000003,0.047,4.4,41.0/4.8,32.1/0.1,0.1,36.8,0.03,0.1,0.021,148.9/148.9,38.1/38.8,4.6/5.0,0.192,46.0,4.2,13.24,21.5,129,7,81.6/35.3,18.0/8.7,7.05,66.0,63.0,0.838,0.89
Malawi,EasternAfrica,118484.0,18622,197.5,98.2,6420.0,0.03,372.9,0.261,0.166,0.573,0.6990000000000001,0.048,0.254,0.068,149,150,875,1649,-774,-710,0.028999999999999998,0.163,0.038,4.9,44.0/4.3,215.2/1.2,25.7,66.5,0.114,0.27142857142857146,0.055999999999999994,147.0/144.0,41.0/45.8,0.6/1.0,0.16699999999999998,35.3,9.3,1.76,33.6,89,6,95.7/89.1,47.3/39.8,16.53,63.1,58.2,0.813,0.81
Malaysia,South-easternAsia,330323.0,31624,96.3,106.7,296284.0,0.05,9768.4,0.086,0.396,0.518,0.11800000000000001,0.273,0.609,0.033,122,130,189414,168375,21039,8960,0.018000000000000002,0.747,0.027000000000000003,2.1,24.3/9.7,2514.2/8.3,238.6,6.5,0.042,1.3,0.05,101.9/101.7,80.7/74.6,31.8/20.8,0.10400000000000001,143.9,71.1,12.72,67.5,3738,118,100.0/93.0,96.1/95.9,0.00,77.1,72.6,0.493,0.778
Maldives,SouthernAsia,300.0,436,1454.4,131.8,3435.0,0.027999999999999997,9446.5,0.031,0.22,0.7490000000000001,0.077,0.228,0.695,0.028999999999999998,65,65,140,2128,-1988,-326,0.027999999999999997,0.455,0.045,2.2,23.4/6.3,94.1/25.9,,9.0,0.13699999999999998,0.6666666666666666,0.052000000000000005,98.6/97.3,.../...,20.3/12.4,0.059000000000000004,206.7,54.5,0.75,3.3,0,54,99.5/97.9,97.5/98.3,0.95,77.4,75.4,0.578,0.7959999999999999
Mali,WesternAfrica,1240192.0,18542,15.2,100.2,13100.0,0.076,744.3,0.39899999999999997,0.196,0.405,0.5670000000000001,0.147,0.28600000000000003,0.081,154,157,3030,2510,520,-676,0.028999999999999998,0.39899999999999997,0.051,6.4,47.7/4.0,363.1/2.1,90.8,78.5,0.07,1.0516196572178862,0.037000000000000005,72.1/79.3,36.8/45.6,4.1/9.6,0.08800000000000001,139.6,10.3,0.42,3.9,55,4,96.5/64.1,37.5/16.1,9.45,56.9,55.6,0.505,0.823
Malta,SouthernEurope,315.0,431,1346.4,100.9,9747.0,0.062,23280.7,0.013999999999999999,0.15,0.836,0.012,0.209,0.779,0.054000000000000006,96,96,4039,7182,-3143,539,0.005,0.9540000000000001,0.005,1.4,14.4/26.1,41.4/9.9,8.1,4.8,0.09699999999999999,3.9,0.078,104.7/102.2,98.1/91.7,55.2/40.3,0.125,129.3,76.2,0.39,1.1,1,78,100.0/100.0,100.0/100.0,2.136,82.0,78.6,0.39399999999999996,0.657
Marshall Islands,Micronesia,181.0,53,295.2,104.5,183.0,0.006,3452.6,0.16399999999999998,0.102,0.733,,,,0.047,115,115,27,86,-58,-5,0.002,0.727,0.006,4.1,39.0/5.5,3.3/6.2,,25.4,0.171,0.5,,93.3/93.5,80.4/73.1,41.2/44.6,0.091,29.2,19.3,1.01,70.2,0,27,93.5/97.6,84.5/56.2,24.11,72.5,71.3,0.29,0.5329999999999999
Martinique,Caribbean,1128.0,385,363.1,83.5,20658.0,0.027999999999999997,5488.2,,0.26,0.605,0.039,0.11800000000000001,0.69,0.228,78,78,,,,,-0.005,0.889,0.002,2.0,17.7/25.7,61.7/15.6,,6.4,0.06699999999999999,4.5,,,,,,,,0.48,45.8,1,79,100.0/99.8,94.0/72.7,2.7011111111111115,84.4,77.8,0.526,0.5379999999999999
Mauritania,WesternAfrica,1030700.0,4420,4.3,101.6,5023.0,0.012,1235.0,0.209,0.41700000000000004,0.374,0.40299999999999997,0.095,0.502,0.12,125,125,1623,2174,-551,-1066,0.028999999999999998,0.599,0.035,4.9,39.9/5.0,138.2/3.4,69.0,68.0,0.038,1.0516196572178862,0.028999999999999998,105.0/100.0,29.5/31.7,3.6/7.1,0.252,89.3,15.2,0.86,0.2,31,13,58.4/57.1,57.5/13.8,5.02,64.1,61.2,0.293,0.655
Mauritius,EasternAfrica,1969.0,1265,623.2,97.9,11511.0,0.035,9040.9,0.028999999999999998,0.22699999999999998,0.7440000000000001,0.073,0.252,0.675,0.076,96,96,2194,4655,-2461,-566,0.002,0.397,-0.001,1.5,18.4/16.6,28.6/2.2,,12.0,0.048,0.27142857142857146,0.049,103.9/102.2,97.9/93.6,41.7/31.7,0.11599999999999999,140.6,50.1,2.57,19.0,10,51,99.9/99.8,93.9/92.6,0.67,77.7,70.7,0.469,0.743
Mayotte,EasternAfrica,69797.0,253,674.8,96.7,20658.0,0.027999999999999997,5488.2,,0.26,0.605,,,,0.065,,112,,,,,0.027999999999999997,0.47,0.019,4.1,40.6/5.8,77.0/32.1,,4.2,0.060176470588235303,0.27142857142857146,,,,,,,,0.88,16.1,0,19,,,9.388125,82.9,76.0,0.521,0.735
Mexico,CentralAmerica,1964375.0,129163,66.4,99.2,1140724.0,0.025,8980.9,0.036000000000000004,0.36,0.604,0.134,0.252,0.613,0.040999999999999995,120,120,373883,387064,-13181,-33216,0.013999999999999999,0.792,0.016,2.3,26.7/10.1,1193.2/0.9,5.9,18.8,0.063,2.1,0.053,103.2/103.6,93.5/87.7,30.0/29.9,0.426,85.3,57.4,11.62,34.0,8514,62,97.2/92.1,88.0/74.5,0.03,78.9,74.0,0.455,0.795
Micronesia (Federated States of),Micronesia,702.0,106,150.8,105.1,315.0,0.037000000000000005,3015.2,0.278,0.065,0.6579999999999999,,,,0.065,99,99,6,40,-34,22,0.002,0.22399999999999998,0.003,3.3,33.1/8.0,2.8/2.6,~0.0,33.2,0.13699999999999998,0.35,0.125,95.7/95.4,.../...,,0.0,30.3,31.5,1.67,91.8,0,22,94.8/87.4,85.1/49.0,34.11,69.8,67.7,0.521,0.735
Monaco,WesternEurope,2.0,39,25969.8,94.7,6258.0,0.054000000000000006,165870.6,,0.134,0.866,,,,0.065,,112,,,,,0.006,1.0,0.008,2.3,.../...,21.0/55.8,~0.0,,0.043,6.6,0.01,,,,0.20800000000000002,88.8,93.4,0.21,,,46,100.0/...,100.0/...,,76.2,69.4,0.521,0.735
Mongolia,EasternAsia,1564116.0,3076,2.0,97.9,11758.0,0.023,3973.4,0.14800000000000002,0.341,0.511,0.284,0.207,0.51,0.063,147,149,4917,3358,1559,-948,0.019,0.72,0.027999999999999997,2.8,29.7/6.6,17.6/0.6,~0.0,22.8,0.047,2.9,0.046,100.0/101.8,92.4/90.5,79.7/57.7,0.171,105.0,21.4,0.41,8.1,677,84,66.4/59.2,66.4/42.6,2.21,72.7,64.5,0.568,0.693
Montenegro,SouthernEurope,13812.0,629,46.8,97.4,4020.0,0.045,6424.1,0.098,0.175,0.726,0.075,0.17300000000000001,0.752,0.174,66,66,354,2263,-1908,-533,0.001,0.64,0.003,1.7,18.1/21.3,82.5/13.2,16.0,4.1,0.064,2.3,,93.3/95.2,90.3/90.4,.../...,0.235,162.2,64.6,0.98,61.5,29,64,100.0/99.2,98.0/92.2,2.44,78.8,74.0,0.418,0.5589999999999999
Montserrat,Caribbean,103.0,5,51.8,106.0,59.0,0.004,11553.4,0.013999999999999999,0.127,0.8590000000000001,,,,0.055999999999999994,103,103,4,36,-32,-27,0.006999999999999999,0.09,0.006999999999999999,2.3,19.7/19.6,1.4/26.4,,,0.06699999999999999,4.5,,.../...,.../...,,,96.6,54.6,0.55,25.0,,133,99.0/99.0,.../...,2.7011111111111115,76.2,69.4,0.521,0.735
Morocco,NorthernAfrica,446550.0,35740,80.1,98.1,100359.0,0.044000000000000004,2919.3,0.13699999999999998,0.289,0.574,0.326,0.207,0.46799999999999997,0.10400000000000001,130,130,22858,41696,-18838,-2161,0.013999999999999999,0.602,0.023,2.6,27.4/10.7,88.5/0.3,6.4,28.1,0.059000000000000004,0.6,,111.6/117.7,63.5/74.4,27.5/28.7,0.205,126.9,57.1,2.07,12.6,78,23,98.7/65.3,84.1/65.5,1.51,76.0,73.7,0.256,0.745
Mozambique,EasternAfrica,799380.0,29669,37.7,95.5,14806.0,0.066,529.2,0.24600000000000002,0.21,0.544,0.75,0.040999999999999995,0.21,0.24100000000000002,137,137,3352,5295,-1943,-5833,0.028999999999999998,0.322,0.033,5.4,44.8/4.8,222.9/0.8,24.0,67.3,0.07,0.1,0.065,101.2/110.4,31.1/33.8,5.4/7.4,0.396,74.2,9.0,3.09,48.5,779,20,80.6/37.0,42.4/10.1,12.54,58.1,54.0,0.8220000000000001,0.7559999999999999
Myanmar,South-easternAsia,676577.0,53371,81.7,95.5,62601.0,0.073,1161.5,0.267,0.345,0.387,0.23600000000000002,0.146,0.617,0.008,130,128,11673,15696,-4023,-3921,0.009000000000000001,0.341,0.025,2.3,26.8/9.4,73.3/0.1,1392.1,45.0,0.023,0.6,,98.3/101.0,52.0/50.6,14.9/12.1,0.102,76.7,21.8,3.21,45.3,1078,15,92.7/74.4,84.3/77.1,2.23,68.3,63.7,0.747,0.8079999999999999
Namibia,SouthernAfrica,824116.0,2534,3.1,94.7,11491.0,0.053,4673.6,0.066,0.306,0.628,0.29100000000000004,0.146,0.563,0.249,88,89,4816,6721,-1905,-1700,0.022000000000000002,0.467,0.042,3.6,36.7/5.5,93.9/3.8,4.8,36.4,0.08525,0.6000000000000001,,109.5/113.3,.../...,.../...,0.413,102.1,22.3,1.15,8.5,19,31,98.2/84.6,54.5/16.8,1.24,64.3,59.1,0.564,0.643
Nauru,Micronesia,21.0,11,568.0,101.9,189.0,0.187,18469.2,0.03,0.599,0.371,,,,0.23,112,112,,,,,0.023,1.0,0.002,3.9,39.5/4.0,3.2/31.1,0.8,18.0,0.033,0.35,,100.4/109.5,83.4/81.9,,0.105,67.8,54.0,0.82,0.0,0,63,96.5/...,65.6/...,20.83,64.8,57.8,0.493,0.789
Nepal,SouthernAsia,147181.0,29305,204.4,94.3,20658.0,0.027000000000000003,724.5,0.318,0.149,0.5329999999999999,0.726,0.109,0.165,0.03,139,139,703,5249,-4547,2447,0.012,0.18600000000000003,0.032,2.3,30.9/8.8,518.3/1.8,30.7,32.8,0.057999999999999996,0.6666666666666666,0.037000000000000005,141.2/130.7,72.2/67.1,15.1/14.8,0.29600000000000004,96.8,17.6,1.04,25.4,451,19,90.9/91.8,56.0/43.5,5.73,70.4,67.4,0.797,0.867
Netherlands,WesternEurope,41542.0,17036,505.2,99.0,750318.0,0.02,44332.1,0.018000000000000002,0.2,0.782,0.022000000000000002,0.159,0.8190000000000001,0.055999999999999994,115,115,511714,420969,90745,65129,0.003,0.905,0.01,1.7,16.4/25.0,1979.5/11.7,116.3,3.5,0.109,3.4,0.055,104.4/105.0,136.3/134.7,82.5/74.7,0.38,123.5,93.1,0.4,11.1,2447,178,100.0/100.0,97.5/99.9,,83.1,79.4,0.573,0.6970000000000001
New Caledonia,Melanesia,18575.0,276,15.1,101.5,8937.0,0.032,33965.7,0.013999999999999999,0.26,0.726,0.03,0.26899999999999996,0.701,0.151,102,103,1344,2422,-1079,-1469,0.013999999999999999,0.7020000000000001,0.022000000000000002,2.2,22.5/14.2,64.3/24.4,,13.0,0.04724999999999999,0.2,,,,,,93.5,74.0,5.26,45.9,1,215,98.5/98.5,100.0/100.0,8.69,79.3,73.7,0.455,0.669
New Zealand,Oceania,268107.0,4706,17.9,96.7,173417.0,0.031,38294.3,0.065,0.23,0.706,0.059000000000000004,0.214,0.726,0.055,116,118,33833,36423,-2589,-5501,0.011000000000000001,0.863,0.01,2.0,19.8/20.8,1039.7/23.0,1.7,4.4,0.11,2.9,0.064,99.1/99.6,119.9/113.4,96.7/71.6,0.342,121.8,88.2,1.99,38.6,783,207,100.0/100.0,,,83.1,79.5,0.621,0.728
Nicaragua,CentralAmerica,130373.0,6218,51.7,97.2,12693.0,0.049,2086.9,0.188,0.268,0.544,0.24100000000000002,0.145,0.614,0.061,130,130,2225,5927,-3701,-1045,0.012,0.588,0.02,2.3,29.0/8.4,40.3/0.7,0.6,20.0,0.09,0.9,,.../...,.../...,.../...,0.457,116.1,19.7,1.44,25.9,91,26,99.3/69.4,76.5/55.7,3.68,77.5,71.4,0.496,0.8059999999999999
Niger,WesternAfrica,1267000.0,21477,17.0,100.6,7143.0,0.036000000000000004,359.0,0.396,0.191,0.413,0.623,0.14400000000000002,0.233,0.027000000000000003,148,148,927,1861,-933,-1150,0.038,0.187,0.051,7.4,50.2/4.2,189.3/1.0,312.5,65.8,0.06,1.0516196572178862,0.067,66.8/77.9,17.2/24.2,0.9/2.6,0.17,46.5,2.2,0.34,0.9,101,5,100.0/48.6,37.9/4.6,12.26,59.5,57.6,0.40399999999999997,0.892
Nigeria,WesternAfrica,923768.0,190886,209.6,102.7,494583.0,0.027000000000000003,2714.5,0.209,0.204,0.588,0.27899999999999997,0.147,0.574,0.054000000000000006,116,117,104084,36533,67551,-15763,0.027000000000000003,0.478,0.047,5.7,44.0/4.5,1199.1/0.7,2437.5,76.3,0.037000000000000005,2.7548589716536585,,92.8/94.5,53.5/57.8,8.3/11.8,0.055999999999999994,82.2,47.4,3.61,8.1,10851,32,80.8/57.3,32.8/25.4,0.52,52.6,51.2,0.485,0.643
Niue,Polynesia,260.0,2,6.2,100.0,20658.0,0.027999999999999997,5488.2,,0.26,0.605,,,,0.065,101,101,,,,,-0.001,0.425,-0.009000000000000001,2.6,22.8/20.1,0.6/34.6,,8.1,0.07400000000000001,1.7,,120.2/147.2,114.1/104.1,,,,79.6,0.52,70.0,0,62,98.4/98.6,100.0/100.0,31.523333333333337,76.3,70.1,0.521,0.735
Northern Mariana Islands,Micronesia,457.0,55,119.9,107.1,20658.0,0.027999999999999997,5488.2,,0.26,0.605,,,,0.065,,112,1735,4553,-2818,,0.001,0.892,0.004,1.6,23.5/10.0,21.6/39.3,,6.4,0.1066,0.35,,,,,,,,1.02,64.5,,46,97.5/97.5,79.7/79.7,20.83,77.9,74.9,0.521,0.735
Norway,NorthernEurope,386194.0,5305,14.5,101.8,386578.0,0.016,74185.5,0.018000000000000002,0.34600000000000003,0.635,0.022000000000000002,0.20199999999999999,0.7759999999999999,0.051,103,104,89120,72473,16647,33746,0.012,0.805,0.013000000000000001,1.8,17.8/22.3,741.8/14.2,73.2,2.4,0.09699999999999999,4.4,0.07400000000000001,100.3/100.5,111.1/114.7,91.5/62.8,0.396,113.6,96.8,0.64,33.2,8204,233,100.0/100.0,98.0/98.3,,83.6,79.5,0.611,0.6829999999999999
Oman,WesternAsia,309500.0,4636,15.0,192.8,69832.0,0.057,15550.8,0.015,0.511,0.473,0.05,0.396,0.5539999999999999,0.17800000000000002,134,134,24455,23260,1195,-10807,0.065,0.7759999999999999,0.085,2.9,21.8/4.0,1845.0/41.1,0.6,9.6,0.036000000000000004,1.5,0.05,111.2/107.4,107.9/101.0,,0.012,159.9,74.2,0.99,~0.0,3101,239,95.5/86.1,97.3/94.7,4.015555555555554,78.7,74.5,0.301,0.8540000000000001
Pakistan,SouthernAsia,796095.0,197016,255.6,105.6,266458.0,0.055,1410.4,0.255,0.19,0.555,0.42100000000000004,0.198,0.381,0.059000000000000004,135,138,20534,46998,-26464,-1603,0.021,0.38799999999999996,0.027999999999999997,3.7,34.8/6.7,3629.0/1.9,2739.4,69.8,0.026000000000000002,0.8,0.026000000000000002,85.2/99.7,39.2/49.5,9.2/10.6,0.20600000000000002,66.9,18.0,1.4,2.0,2202,17,93.9/89.9,83.1/51.1,1.32,66.8,65.0,0.248,0.825
Palau,Micronesia,459.0,22,47.2,113.3,258.0,0.057,12122.5,0.038,0.08,0.882,,,,0.065,,112,7,154,-147,-24,0.008,0.871,0.017,2.2,20.3/13.1,5.7/26.6,~0.0,13.3,0.09,0.35,,99.0/100.3,95.2/96.2,76.1/49.1,0.125,111.5,,1.82,87.6,,172,97.0/86.0,100.0/100.0,5.05,77.8,68.1,0.521,0.735
Panama,CentralAmerica,75320.0,4099,55.1,100.4,52132.0,0.057999999999999996,13268.1,0.027999999999999997,0.271,0.7,0.145,0.196,0.659,0.062,117,118,636,11697,-11061,-3377,0.017,0.6659999999999999,0.021,2.6,27.4/11.4,184.7/4.7,21.5,15.2,0.08,1.6,0.032,100.9/103.5,78.3/72.9,46.5/31.2,0.183,174.2,51.2,3.83,62.3,31,35,97.7/88.6,83.5/58.0,0.02,80.5,74.3,0.505,0.804
Papua New Guinea,Melanesia,462840.0,8251,18.2,103.5,21315.0,0.066,2797.6,0.201,0.282,0.518,0.6829999999999999,0.057,0.26,0.025,84,83,8760,8874,-114,5326,0.022000000000000002,0.13,0.021,3.8,35.9/6.1,25.8/0.3,9.7,49.0,0.043,0.2,,109.3/119.8,34.6/45.8,,0.027000000000000003,46.6,7.9,4.93,74.1,114,22,88.0/32.8,56.4/13.3,3.51,67.4,62.6,0.696,0.7120000000000001
Paraguay,SouthAmerica,406752.0,6811,17.1,102.9,27714.0,0.031,4174.4,0.19,0.295,0.516,0.196,0.195,0.61,0.055,160,166,8494,9753,-1259,-462,0.013000000000000001,0.597,0.021,2.6,29.4/9.4,156.5/2.4,0.2,28.8,0.098,1.3,0.05,104.3/107.6,79.1/74.2,.../...,0.138,105.4,44.4,0.59,39.4,325,38,100.0/94.9,95.5/78.4,0.22,74.9,70.7,0.583,0.847
Peru,SouthAmerica,1285216.0,32166,25.1,99.8,190428.0,0.033,6069.1,0.076,0.33299999999999996,0.5920000000000001,0.244,0.17300000000000001,0.583,0.053,145,148,36040,36185,-145,-9210,0.013000000000000001,0.7859999999999999,0.017,2.5,27.4/10.4,90.9/0.3,2.5,18.6,0.055,1.1,0.04,101.7/101.7,95.8/95.7,.../...,0.27699999999999997,109.9,40.9,6.85,57.9,1020,30,91.4/69.2,82.5/53.2,0.18,76.8,71.5,0.6609999999999999,0.828
Philippines,South-easternAsia,300000.0,104918,351.9,101.3,292449.0,0.059000000000000004,2904.2,0.105,0.313,0.5820000000000001,0.27699999999999997,0.163,0.561,0.059000000000000004,122,120,56313,85909,-29596,7694,0.016,0.444,0.013000000000000001,3.0,31.7/7.6,211.9/0.2,240.2,22.2,0.047,0.8,,116.9/116.8,92.7/84.4,40.3/31.4,0.295,118.1,40.7,7.83,26.2,991,19,93.7/90.3,77.9/70.8,0.15,72.1,65.4,0.508,0.789
Poland,EasternEurope,312679.0,38171,124.6,93.4,477066.0,0.039,12355.5,0.026000000000000002,0.341,0.633,0.109,0.29600000000000004,0.595,0.053,113,113,196455,188518,7937,-2932,0.012,0.605,-0.001,1.3,14.8/24.0,619.4/1.6,23.7,4.5,0.064,2.3,0.049,100.7/100.5,106.1/110.0,82.6/54.2,0.28,148.7,68.0,0.58,30.7,2819,102,99.3/96.9,97.5/96.7,2.106666666666667,81.0,72.9,0.491,0.649
Portugal,SouthernEurope,92226.0,10330,112.8,89.8,199122.0,0.016,19239.2,0.023,0.223,0.754,0.08,0.23800000000000002,0.682,0.105,104,104,55658,67580,-11922,842,-0.004,0.635,0.01,1.3,13.6/27.9,837.3/8.1,1.8,2.9,0.095,4.4,0.051,105.3/109.4,117.3/121.0,65.7/58.0,0.348,110.4,68.6,2.81,34.9,250,84,100.0/100.0,99.6/99.8,2.136,83.5,77.3,0.5329999999999999,0.637
Puerto Rico,Caribbean,8868.0,3663,413.0,92.6,102906.0,0.027999999999999997,27939.0,0.008,0.5,0.491,0.02,0.175,0.805,0.128,110,111,,,,,-0.002,0.9359999999999999,-0.002,1.5,17.9/20.4,275.0/7.5,,6.3,0.06699999999999999,4.5,0.064,90.4/89.1,83.9/78.8,98.8/70.1,,87.1,79.5,1.26,55.5,1,16,.../...,99.3/99.3,2.7011111111111115,83.2,75.2,0.344,0.517
Qatar,WesternAsia,11607.0,2639,227.3,301.2,164641.0,0.036000000000000004,73653.4,0.002,0.564,0.435,0.012,0.541,0.447,0.003,154,154,57254,32058,25196,13751,0.066,0.992,0.06,2.0,13.9/2.8,1687.6/75.5,1.5,7.2,0.022000000000000002,2.0,0.036000000000000004,103.6/102.4,103.6/82.0,43.9/6.3,0.0,153.6,92.9,0.39,0.0,9166,846,100.0/100.0,98.0/98.0,4.015555555555554,79.4,76.8,0.531,0.9359999999999999
Republic of Korea,EasternAsia,100284.0,50982,524.3,100.2,1377873.0,0.026000000000000002,27396.7,0.023,0.38,0.597,0.05,0.247,0.703,0.036000000000000004,104,104,495418,406182,89236,105871,0.004,0.825,0.006999999999999999,1.2,13.5/20.1,1327.3/2.6,8.0,3.0,0.07400000000000001,2.2,0.051,98.7/99.3,98.4/99.3,80.2/104.8,0.17,118.5,89.9,1.11,63.5,2023,223,99.7/87.9,100.0/100.0,1.105,84.4,77.9,0.502,0.7190000000000001
Republic of Moldova,EasternEurope,33846.0,4051,123.3,92.2,6475.0,-0.006999999999999999,1591.4,0.134,0.20800000000000002,0.6579999999999999,0.28800000000000003,0.309,0.40299999999999997,0.05,109,109,2045,4020,-1975,-415,-0.001,0.45,-0.006999999999999999,1.3,15.7/17.6,142.9/3.5,5.5,14.3,0.10300000000000001,2.5,0.075,91.9/92.9,86.5/85.8,47.4/35.3,0.228,108.0,49.8,0.35,12.3,15,23,96.9/81.4,87.8/67.1,4.49,75.2,66.7,0.391,0.465
Romania,EasternEurope,238391.0,19679,85.5,94.0,177956.0,0.037000000000000005,9120.7,0.048,0.349,0.603,0.255,0.27699999999999997,0.46799999999999997,0.071,100,100,63581,74605,-11024,-2096,-0.006,0.546,,1.5,15.3/24.9,226.9/1.2,3.2,8.7,0.055999999999999994,2.7,0.031,89.0/90.5,92.0/92.5,59.0/47.8,0.207,107.1,55.8,1.04,29.5,1109,68,100.0/100.0,92.2/63.3,2.106666666666667,78.4,71.4,0.473,0.645
Russian Federation,EasternEurope,1.7098246E7,143990,8.8,86.8,1326016.0,-0.037000000000000005,9243.3,0.047,0.318,0.635,0.068,0.271,0.6609999999999999,0.057999999999999996,120,120,285491,182257,103234,69000,0.001,0.74,-0.001,1.7,17.6/21.1,11643.3/8.1,418.4,8.3,0.071,3.3,0.039,100.9/100.1,103.4/105.5,88.3/72.9,0.158,160.0,73.4,2.35,49.8,54829,208,98.9/91.2,77.0/58.7,2.106666666666667,75.9,64.7,0.563,0.713
Rwanda,EasternAfrica,26338.0,12208,494.9,96.2,8096.0,0.069,697.3,0.34600000000000003,0.151,0.503,0.75,0.07200000000000001,0.17800000000000002,0.024,139,139,622,1778,-1157,-1099,0.025,0.28800000000000003,0.064,4.2,40.1/4.9,441.5/3.8,155.1,44.0,0.075,0.27142857142857146,0.036000000000000004,133.4/131.7,38.2/35.2,6.9/9.1,0.613,70.5,18.0,0.62,19.2,84,8,86.6/71.9,58.5/62.9,13.67,67.1,63.1,0.861,0.833
Saint Helena,WesternAfrica,308.0,4,10.4,99.0,20658.0,0.027999999999999997,5488.2,,0.26,0.605,,,,0.065,,112,~0,48,-48,,-0.006999999999999999,0.39399999999999996,-0.006,2.3,,0.6/15.2,,,0.058666666666666666,1.0516196572178862,,,,,,30.7,37.6,1.0,5.1,0,41,,,12.092666666666668,76.2,69.4,0.521,0.735
Saint Kitts and Nevis,Caribbean,261.0,55,212.9,97.0,876.0,0.038,15771.9,0.012,0.281,0.7070000000000001,,,,0.065,39,39,51,332,-280,-63,0.011000000000000001,0.32,0.013000000000000001,2.3,.../...,7.4/13.4,~0.0,,0.051,4.5,0.027999999999999997,83.4/81.7,92.8/88.0,107.2/52.6,0.133,131.8,75.7,0.52,42.3,0,59,98.3/98.3,.../...,3.93,76.2,69.4,0.521,0.735
Saint Lucia,Caribbean,539.0,179,293.2,95.9,1450.0,0.019,7839.4,0.027000000000000003,0.129,0.8440000000000001,0.14800000000000002,0.17600000000000002,0.6759999999999999,0.19,69,69,120,654,-535,-100,0.005,0.185,0.009000000000000001,1.5,18.9/13.7,12.8/6.9,~0.0,10.9,0.067,4.5,0.049,.../...,84.8/85.5,22.0/11.6,0.16699999999999998,101.5,52.4,0.62,33.4,0,33,99.5/95.6,84.7/91.9,0.97,77.6,72.2,0.631,0.7659999999999999
Saint Pierre and Miquelon,NorthernAmerica,242.0,6,27.5,98.2,20658.0,0.027999999999999997,5488.2,,0.26,0.605,,,,0.065,112,112,653,2629,-1976,,0.012,0.904,0.001,2.3,.../...,1.0/15.7,,,0.1375,2.55,,,,,,,,0.12,12.3,0,174,,,,76.2,69.4,0.521,0.735
Saint Vincent and the Grenadines,Caribbean,389.0,110,281.8,101.7,738.0,0.016,6739.2,0.075,0.172,0.753,0.221,0.161,0.618,0.191,115,115,47,335,-288,-210,0.012,0.506,0.006999999999999999,2.0,23.8/11.7,4.6/4.2,,16.5,0.086,4.5,,103.2/105.8,105.0/107.9,,0.13,103.6,51.8,0.58,69.2,0,29,95.1/95.1,.../...,1.80,74.9,70.7,0.564,0.769
Samoa,Polynesia,2842.0,196,69.4,106.6,774.0,0.027999999999999997,4006.0,0.09300000000000001,0.242,0.6659999999999999,0.053,0.14800000000000002,0.7979999999999999,0.065,107,107,56,350,-294,-44,0.008,0.191,-0.002,4.2,36.6/8.5,4.9/2.6,~0.0,18.0,0.07200000000000001,1.7,,106.7/106.7,89.5/80.7,.../...,0.1,58.5,25.4,0.93,60.4,2,24,97.5/99.3,93.3/91.1,12.75,77.4,71.1,0.233,0.5820000000000001
San Marino,SouthernEurope,61.0,33,556.7,94.9,1565.0,0.01,49240.2,0.001,0.33299999999999996,0.6659999999999999,,,,0.066,,112,,,,,0.012,0.9420000000000001,0.006,2.3,15.0/24.1,4.7/14.8,,,0.061,6.4,0.024,92.6/93.9,95.9/93.5,69.9/50.5,0.267,115.2,49.6,0.01,0.0,,46,,,2.136,86.4,81.7,0.521,0.735
Sao Tome and Principe,MiddleAfrica,964.0,204,212.8,99.2,334.0,0.04,1752.8,0.12300000000000001,0.147,0.73,0.222,0.135,0.643,0.136,119,119,10,139,-129,-69,0.022000000000000002,0.6509999999999999,0.036000000000000004,4.7,42.8/4.3,2.4/1.3,,43.8,0.081,1.7,0.038,112.2/117.7,91.7/80.8,13.6/13.2,0.182,65.1,25.8,0.94,55.8,1,14,98.9/93.6,40.8/23.3,12.39,68.2,64.0,0.45399999999999996,0.762
Saudi Arabia,WesternAsia,2206714.0,32938,15.3,132.9,653219.0,0.034,20710.6,0.023,0.46,0.518,0.059000000000000004,0.22699999999999998,0.7140000000000001,0.055,96,96,182329,135904,46426,-56724,0.027999999999999997,0.831,0.021,2.7,25.2/5.6,10185.9/32.3,70.2,13.0,0.047,2.6,,111.1/107.9,93.7/122.6,61.8/64.4,0.19899999999999998,176.6,69.6,1.31,0.5,25904,287,97.0/97.0,100.0/100.0,4.015555555555554,75.6,72.7,0.2,0.785
Senegal,WesternAfrica,196712.0,15851,82.3,96.6,13633.0,0.065,901.1,0.155,0.24100000000000002,0.604,0.514,0.207,0.27899999999999997,0.09300000000000001,126,127,2640,5478,-2838,-1348,0.03,0.43700000000000006,0.036000000000000004,5.0,42.9/4.7,263.2/1.7,17.6,43.9,0.047,1.0516196572178862,0.07400000000000001,86.9/77.6,49.1/50.2,7.8/12.9,0.42700000000000005,100.0,21.7,1.23,43.2,77,11,92.9/67.3,65.4/33.8,6.49,67.5,63.8,0.45299999999999996,0.705
Serbia,SouthernEurope,88499.0,8791,100.5,95.6,37160.0,0.008,5238.6,0.08199999999999999,0.314,0.605,0.19399999999999998,0.245,0.561,0.155,102,102,14852,19231,-4379,-1751,-0.004,0.556,-0.003,1.6,16.5/24.5,807.4/9.1,254.1,9.8,0.10400000000000001,2.5,0.042,101.2/101.5,97.4/96.0,66.9/50.2,0.344,120.5,65.3,0.71,31.1,393,62,99.4/98.9,98.2/94.2,0.90,77.5,71.8,0.434,0.599
Seychelles,EasternAfrica,457.0,95,206.0,97.2,1363.0,0.068,14133.2,0.027000000000000003,0.136,0.838,0.036000000000000004,0.179,0.782,0.040999999999999995,105,109,335,833,-498,-256,0.005,0.539,0.011000000000000001,2.4,22.2/13.3,12.8/13.3,,10.2,0.034,1.0,0.036000000000000004,103.6/101.1,84.5/78.8,19.6/9.3,0.212,158.1,58.1,4.39,88.4,0,72,95.7/95.7,98.4/98.4,0.50,77.9,68.7,0.619,0.6829999999999999
Sierra Leone,WesternAfrica,72300.0,7557,104.7,98.1,4483.0,-0.203,694.8,0.514,0.17600000000000002,0.311,0.68,0.065,0.255,0.031,168,168,466,958,-492,-1317,0.023,0.39899999999999997,0.027000000000000003,4.8,42.1/4.2,91.2/1.4,0.8,94.4,0.111,1.0516196572178862,0.027000000000000003,128.2/127.0,40.1/46.5,.../...,0.124,89.5,2.5,1.77,41.3,53,11,84.9/47.8,22.8/6.9,21.56,50.7,49.6,0.6509999999999999,0.688
Singapore,South-easternAsia,719.0,5709,8155.5,97.7,292734.0,0.02,52239.0,,0.264,0.736,0.003,0.17,0.826,0.02,112,112,329871,283009,46862,57922,0.017,1.0,0.02,1.2,15.0/19.5,2543.6/45.4,~0.0,2.1,0.049,1.9,0.028999999999999998,,,,0.23800000000000002,146.1,82.1,2.93,23.1,27,209,100.0/...,100.0/...,2.3355555555555556,84.5,80.1,0.578,0.7609999999999999
Sint Maarten (Dutch part),Caribbean,34.0,40,1180.0,95.7,1094.0,0.005,28241.7,0.001,0.12300000000000001,0.8759999999999999,,,,0.065,,112,,,,23,0.031,1.0,0.02,2.3,21.0/10.4,27.3/70.4,~0.0,,0.06699999999999999,4.5,,,,,,,,0.51,,,303,,,2.7011111111111115,77.1,69.2,0.521,0.735
Slovakia,EasternEurope,49035.0,5448,113.3,94.6,87268.0,0.038,16082.5,0.037000000000000005,0.348,0.615,0.033,0.345,0.622,0.099,97,97,77565,75156,2409,193,0.001,0.536,-0.003,1.4,15.4/21.8,177.2/3.3,2.7,5.7,0.081,3.4,0.042,99.2/100.2,92.8/92.1,64.6/41.8,0.2,122.3,85.0,0.54,40.3,264,121,100.0/100.0,99.4/98.2,2.106666666666667,79.8,72.6,0.514,0.68
Slovenia,SouthernEurope,20273.0,2080,103.3,98.6,42777.0,0.023,20689.8,0.024,0.327,0.649,0.08900000000000001,0.29600000000000004,0.615,0.081,89,89,27585,26646,939,2216,0.003,0.49700000000000005,0.001,1.6,15.0/26.3,236.0/11.4,0.6,2.5,0.092,2.8,0.055,99.4/99.2,110.5/110.8,98.5/68.2,0.36700000000000005,113.2,73.1,1.43,62.0,154,135,99.7/99.4,99.1/99.1,2.136,83.2,77.2,0.518,0.622
Solomon Islands,Melanesia,28896.0,611,21.8,103.4,1075.0,0.032,1841.6,0.282,0.156,0.563,0.48100000000000004,0.024,0.495,0.314,118,118,437,454,-17,-36,0.021,0.223,0.042,4.1,38.8/5.4,2.6/0.4,~0.0,30.0,0.051,0.2,,113.6/115.0,47.0/49.8,,0.02,72.7,10.0,2.45,78.3,3,11,93.2/77.2,81.4/15.0,16.47,71.1,68.3,0.611,0.735
Somalia,EasternAfrica,637657.0,14742,23.5,99.3,1559.0,0.027000000000000003,144.5,0.602,0.07400000000000001,0.325,0.72,0.048,0.23199999999999998,0.066,112,112,925,530,394,,0.028999999999999998,0.396,0.040999999999999995,6.6,46.4/4.4,25.3/0.2,1168.4,79.5,0.060176470588235303,0.27142857142857146,,.../...,.../...,,0.242,52.5,1.8,1.75,10.3,129,12,69.6/8.8,52.0/6.3,22.85,56.5,53.3,0.33299999999999996,0.759
South Africa,SouthernAfrica,1221037.0,56717,46.8,96.4,314571.0,0.013000000000000001,5773.0,0.024,0.289,0.687,0.061,0.262,0.677,0.26,125,126,74111,74744,-633,-13644,0.013999999999999999,0.648,0.016,2.6,29.0/8.4,3142.5/5.8,1201.9,36.5,0.08800000000000001,0.8,0.06,97.3/102.2,111.5/88.0,23.3/15.7,0.42200000000000004,159.3,51.9,5.81,7.6,7102,122,99.6/81.4,69.6/60.5,0.47,63.0,56.1,0.46399999999999997,0.611
South Sudan,EasternAfrica,658841.0,12576,20.6,100.4,13167.0,0.02,1067.0,0.046,0.58,0.374,,,,0.065,,112,2389,750,1640,-935,0.033,0.188,0.051,5.2,41.7/5.1,824.1/6.7,2231.2,77.7,0.027000000000000003,0.27142857142857146,0.018000000000000002,53.1/74.9,6.6/12.3,,0.285,23.9,17.9,0.49,,337,2,66.7/56.9,16.4/4.5,21.07,56.0,54.1,0.521,0.735
Spain,SouthernEurope,505944.0,46354,92.9,96.2,1192955.0,0.032,25865.4,0.026000000000000002,0.23600000000000002,0.737,0.039,0.192,0.768,0.183,102,102,281777,302539,-20762,16208,-0.002,0.7959999999999999,0.006999999999999999,1.3,14.7/25.3,5853.0/12.7,28.8,2.9,0.09,3.8,0.043,105.6/104.5,129.6/130.0,97.1/82.5,0.391,107.9,78.7,6.17,36.8,1432,102,100.0/100.0,99.8/100.0,2.136,85.3,79.6,0.521,0.642
Sri Lanka,SouthernAsia,65610.0,20877,332.9,92.5,82316.0,0.048,3973.7,0.087,0.307,0.606,0.27399999999999997,0.259,0.466,0.052000000000000005,120,122,10546,19501,-8955,-2009,0.005,0.184,0.008,2.1,24.0/14.9,38.7/0.2,44.2,8.2,0.035,0.6666666666666666,0.022000000000000002,100.6/102.7,102.0/97.5,24.0/15.6,0.057999999999999996,112.8,30.0,5.87,33.1,179,20,98.5/95.0,88.1/96.7,0.53,78.0,71.2,0.304,0.75
State of Palestine,WesternAsia,6020.0,4921,817.4,102.9,12677.0,0.035,2715.5,0.048,0.23399999999999999,0.7190000000000001,0.087,0.298,0.615,0.242,90,90,929,5058,-4128,-1713,0.027000000000000003,0.753,0.027999999999999997,4.2,39.6/4.6,255.5/5.5,~0.0,20.0,0.05229411764705882,2.176470588235294,0.013000000000000001,94.3/94.4,87.0/79.2,54.4/34.5,,77.6,57.4,0.31,1.5,9,15,50.7/81.5,93.0/90.2,17.52,74.8,71.1,0.184,0.6970000000000001
Sudan,NorthernAfrica,69797.0,40533,23.0,99.9,79546.0,0.049,1977.0,0.324,0.201,0.47600000000000003,0.32899999999999996,0.204,0.467,0.134,,112,1797,7658,-5861,-5933,0.023,0.33799999999999997,0.025,4.8,40.8/5.5,503.5/1.3,3619.6,48.7,0.084,3.1,,66.6/74.1,41.5/43.9,16.8/15.8,0.305,70.5,26.6,1.33,,682,16,,,1.09,65.1,62.1,0.244,0.722
Suriname,SouthAmerica,163820.0,563,3.6,100.7,4879.0,-0.027000000000000003,8985.3,0.114,0.27399999999999997,0.611,0.034,0.223,0.743,0.099,152,152,1437,1244,193,-808,0.01,0.66,0.008,2.5,26.4/10.4,46.8/8.6,~0.0,17.4,0.057,1.7166666666666666,,121.4/124.2,90.9/71.7,.../...,0.255,180.7,42.8,0.83,98.3,44,62,98.1/88.4,88.4/61.4,0.32,74.2,67.8,0.405,0.6859999999999999
Swaziland,SouthernAfrica,17363.0,1367,79.5,93.9,4133.0,0.017,3211.7,0.066,0.42100000000000004,0.513,0.22,0.17,0.61,0.251,114,115,1881,733,1149,281,0.018000000000000002,0.213,0.013000000000000001,3.3,37.2/4.8,31.6/2.5,1.1,56.3,0.09300000000000001,0.6000000000000001,0.07,108.0/117.5,65.8/66.2,5.5/5.2,0.062,73.2,30.4,0.34,33.8,39,40,93.6/68.9,63.1/56.0,2.39,58.2,51.6,0.406,0.6509999999999999
Sweden,NorthernEurope,438574.0,9911,24.2,100.2,495694.0,0.040999999999999995,50687.5,0.013000000000000001,0.263,0.7240000000000001,0.018000000000000002,0.182,0.799,0.073,100,100,139574,140838,-1263,23250,0.008,0.858,0.008,1.9,17.5/25.5,1639.8/16.8,348.5,2.4,0.11900000000000001,4.1,0.077,125.6/120.6,150.0/131.5,75.7/49.6,0.436,130.4,90.6,0.54,68.9,1428,206,100.0/100.0,99.2/99.6,,83.7,80.0,0.607,0.68
Switzerland,WesternEurope,41291.0,8476,214.5,98.2,670790.0,0.008,80831.1,0.006999999999999999,0.255,0.738,0.035,0.204,0.7609999999999999,0.046,106,106,304691,269157,35534,77378,0.012,0.7390000000000001,0.011000000000000001,1.5,14.9/24.1,2438.7/29.4,110.1,3.9,0.11699999999999999,4.1,0.051,103.8/104.1,99.4/103.0,58.5/56.9,0.325,142.0,88.0,0.74,31.6,552,126,100.0/100.0,99.9/99.8,,84.8,80.5,0.625,0.745
Syrian Arab Republic,WesternAsia,185180.0,18270,99.5,102.1,28393.0,-0.053,1534.5,0.207,0.3,0.493,0.185,0.392,0.423,0.138,65,68,1265,2383,-1118,,-0.023,0.5770000000000001,0.013999999999999999,3.1,36.6/6.8,875.2/4.7,6768.5,17.9,0.033,1.5,,78.7/81.4,50.5/50.5,47.0/41.3,0.132,62.4,30.0,1.32,2.7,237,24,92.3/87.2,96.2/95.1,4.015555555555554,76.3,64.4,0.124,0.7090000000000001
Tajikistan,CentralAsia,142600.0,8921,63.7,100.9,7853.0,0.042,925.9,0.25,0.28,0.47100000000000003,0.5720000000000001,0.134,0.294,0.10800000000000001,155,172,899,3030,-2132,-472,0.022000000000000002,0.268,0.026000000000000002,3.5,35.3/5.8,275.1/3.2,21.8,38.9,0.069,1.7,0.052000000000000005,101.2/99.8,83.1/92.5,24.0/33.6,0.19,98.6,19.0,0.45,3.0,76,14,93.1/66.7,93.8/95.5,4.55,73.5,67.7,0.596,0.779
Thailand,South-easternAsia,513120.0,69038,135.1,95.2,395168.0,0.027999999999999997,5814.8,0.091,0.35700000000000004,0.551,0.34,0.22699999999999998,0.433,0.006,129,126,213927,195666,18260,32149,0.004,0.504,0.03,1.5,17.3/16.9,3913.3/5.8,554.1,11.2,0.040999999999999995,0.8,0.040999999999999995,99.2/106.1,125.3/132.6,57.3/40.5,0.049,125.8,39.3,6.11,32.0,3338,83,97.6/98.0,89.9/96.1,0.02,78.4,70.8,0.627,0.7979999999999999
The former Yugoslav Republic of Macedonia,SouthernEurope,25713.0,2083,82.6,100.0,10052.0,0.038,4836.1,0.12,0.27899999999999997,0.6509999999999999,0.162,0.292,0.545,0.273,111,112,4785,6757,-1972,-204,0.001,0.5710000000000001,0.001,1.5,16.7/19.5,130.7/6.3,1.4,9.0,0.065,2.8,,92.8/93.6,78.2/80.3,46.8/37.5,0.317,105.4,70.4,1.1,39.6,53,53,99.8/98.9,97.2/82.6,2.18,77.2,73.2,0.439,0.6779999999999999
Timor-Leste,South-easternAsia,14919.0,1296,87.2,103.2,2873.0,0.043,2425.4,0.052000000000000005,0.799,0.149,0.508,0.02,0.47200000000000003,0.043,111,117,94,647,-553,238,0.022000000000000002,0.32799999999999996,0.038,5.9,43.6/5.4,10.8/0.9,~0.0,43.9,0.015,0.1,0.078,136.2/137.5,79.6/74.1,.../...,0.385,117.4,13.4,0.24,46.9,143,7,95.2/60.5,69.0/26.8,8.89,69.5,66.1,0.26899999999999996,0.556
Togo,WesternAfrica,56785.0,7798,143.4,99.4,4086.0,0.055,559.4,0.457,0.19699999999999998,0.34600000000000003,0.625,0.087,0.287,0.068,140,143,715,1716,-1001,-461,0.026000000000000002,0.4,0.038,4.7,41.6/4.6,276.8/3.8,13.8,55.7,0.052000000000000005,1.0516196572178862,0.052000000000000005,118.5/125.1,.../...,6.4/14.9,0.17600000000000002,65.0,7.1,0.8,3.8,111,20,91.4/44.2,24.7/2.9,5.51,59.8,58.3,0.81,0.807
Tokelau,Polynesia,12.0,1,130.0,100.0,20658.0,0.027999999999999997,5488.2,,0.26,0.605,,,,0.065,112,112,~0,1,-1,,0.019,0.0,0.0,2.1,28.3/12.2,0.5/39.0,,,0.0794,1.7,,114.3/121.0,120.7/129.1,,,,,0.49,0.0,,46,.../100.0,.../90.5,31.523333333333337,76.2,69.4,0.521,0.735
Tonga,Polynesia,747.0,108,150.0,100.7,402.0,0.038,3784.5,0.22399999999999998,0.215,0.561,0.33299999999999996,0.282,0.385,0.048,134,134,14,209,-196,-33,0.004,0.237,0.006999999999999999,3.8,35.8/8.5,5.7/5.4,,20.6,0.052000000000000005,1.7,,107.5/108.6,94.2/86.4,.../...,0.038,65.6,45.0,0.79,12.5,0,15,99.7/99.6,97.6/89.0,18.30,75.6,69.6,0.529,0.7390000000000001
Trinidad and Tobago,Caribbean,5127.0,1369,266.9,97.1,25927.0,0.002,19062.9,0.005,0.425,0.57,0.040999999999999995,0.316,0.643,0.042,95,95,4576,4826,-249,,0.005,0.084,-0.012,1.8,20.7/15.0,49.9/3.7,0.2,24.8,0.059000000000000004,4.5,,.../...,.../...,.../...,0.31,157.7,69.2,0.69,45.4,1663,607,95.1/95.1,91.5/91.5,2.7011111111111115,73.8,66.9,0.524,0.732
Tunisia,NorthernAfrica,163610.0,11532,74.2,97.6,41199.0,0.008,3660.9,0.10300000000000001,0.278,0.62,0.11699999999999999,0.294,0.589,0.146,108,108,13483,19456,-5973,-3850,0.012,0.6679999999999999,0.013999999999999999,2.3,24.0/12.3,56.7/0.5,0.7,18.5,0.07,1.6,0.063,112.5/115.8,94.2/90.0,43.3/26.2,0.313,129.9,48.5,0.96,6.6,274,39,100.0/93.2,97.4/79.8,1.14,77.1,73.0,0.251,0.713
Turkey,WesternAsia,783562.0,80745,104.9,97.0,717888.0,0.04,9125.8,0.086,0.264,0.65,0.196,0.275,0.529,0.10800000000000001,120,122,142606,198602,-55996,-32278,0.016,0.7340000000000001,0.02,2.1,25.0/12.0,2964.9/3.8,3006.3,12.6,0.054000000000000006,1.7,0.048,102.1/102.8,101.1/103.8,88.3/101.0,0.149,96.0,53.7,3.88,15.1,1303,65,100.0/100.0,98.3/85.5,0.30,78.1,71.5,0.304,0.7140000000000001
Turkmenistan,CentralAsia,488100.0,5758,12.3,97.0,37597.0,0.065,6996.7,0.134,0.51,0.35600000000000004,0.179,0.374,0.447,0.086,103,109,3741,2616,1125,,0.018000000000000002,0.5,0.019,3.0,30.9/7.3,196.4/3.7,7.2,46.9,0.021,2.3,0.031,88.6/90.1,83.7/86.9,6.2/9.7,0.258,145.9,15.0,0.54,8.8,3270,212,.../...,.../...,0.07,70.8,63.9,0.473,0.777
Turks and Caicos Islands,Caribbean,948.0,35,37.3,104.1,863.0,0.040999999999999995,25121.8,0.006,0.10400000000000001,0.89,,,,0.065,,112,4,389,-385,,0.02,0.922,0.025,2.3,19.2/7.6,11.7/34.0,~0.0,,0.06699999999999999,4.5,0.033,,,,,,,0.6,36.2,0,86,.../...,.../...,2.7011111111111115,77.8,75.8,0.521,0.735
Tuvalu,Polynesia,26.0,11,373.1,102.0,33.0,0.035,3362.4,0.26,0.076,0.664,,,,0.065,110,110,~0,12,-12,7,0.009000000000000001,0.597,0.019,3.6,31.1/9.9,0.1/1.4,,,0.165,1.7,,104.3/103.0,97.5/76.0,,0.067,40.3,42.7,0.96,33.3,,13,98.3/97.0,86.3/80.2,63.52,76.2,69.4,0.521,0.735
Uganda,EasternAfrica,241550.0,42863,214.5,99.0,25282.0,0.054000000000000006,647.7,0.256,0.215,0.529,0.72,0.07400000000000001,0.205,0.024,93,90,2755,3750,-996,-2353,0.034,0.161,0.054000000000000006,5.9,47.7/3.3,749.5/1.9,727.1,60.2,0.07200000000000001,0.27142857142857146,0.022000000000000002,110.9/108.9,22.1/24.3,4.2/5.4,0.34299999999999997,50.4,19.2,1.96,11.0,409,12,95.5/75.8,28.5/17.3,6.35,60.7,56.5,0.823,0.877
Ukraine,EasternEurope,603500.0,44223,76.3,86.0,90615.0,-0.099,2021.6,0.14,0.263,0.597,0.157,0.24600000000000002,0.597,0.08800000000000001,137,137,36369,39184,-2815,-189,-0.005,0.6970000000000001,-0.003,1.5,15.5/23.2,4834.9/10.8,1644.8,8.8,0.071,3.0,0.059000000000000004,105.1/102.8,98.2/100.2,88.4/76.5,0.12300000000000001,144.0,49.3,1.02,16.6,3203,98,95.5/97.8,97.4/92.6,1.63,76.0,66.1,0.523,0.675
United Arab Emirates,WesternAsia,83600.0,9400,112.4,262.4,370296.0,0.038,40438.8,0.006999999999999999,0.449,0.544,0.035,0.21100000000000002,0.754,0.037000000000000005,70,70,195613,201908,-6296,,0.02,0.855,0.028999999999999998,1.8,13.9/2.4,8095.1/88.4,1.3,6.2,0.036000000000000004,1.6,,116.0/116.7,,,0.2,187.4,91.2,0.56,3.8,8642,366,99.6/100.0,98.0/95.2,4.015555555555554,78.2,76.0,0.41700000000000004,0.9079999999999999
United Kingdom,NorthernEurope,242495.0,66182,273.6,97.4,2858003.0,0.022000000000000002,44162.4,0.006999999999999999,0.19399999999999998,0.799,0.012,0.184,0.804,0.05,108,108,415856,635570,-219713,-122571,0.006,0.826,0.009000000000000001,1.9,17.7/23.9,8543.1/13.2,151.7,4.1,0.091,2.8,0.057,108.1/108.4,130.4/125.3,64.1/49.0,0.3,125.8,92.0,1.02,12.9,4482,116,100.0/100.0,99.1/99.6,,82.8,79.0,0.57,0.6859999999999999
United Republic of Tanzania,EasternAfrica,947303.0,57310,64.7,97.8,45628.0,0.07,877.3,0.311,0.261,0.429,0.669,0.064,0.267,0.027000000000000003,176,180,4742,7876,-3134,-3312,0.031,0.316,0.054000000000000006,5.2,44.9/4.7,261.2/0.5,402.1,44.0,0.055999999999999994,0.27142857142857146,0.035,82.9/80.5,30.8/33.7,2.5/4.9,0.364,75.9,5.4,10.82,52.4,935,20,77.2/45.5,31.3/8.3,5.85,64.8,60.8,0.7390000000000001,0.8320000000000001
United States,NorthernAmerica,9833517.0,324460,35.5,98.0,1.8036648E7,0.026000000000000002,56053.8,0.01,0.19699999999999998,0.7929999999999999,0.015,0.172,0.813,0.049,111,113,1453167,2249661,-796494,-462961,0.006999999999999999,0.816,0.01,1.9,18.9/21.5,46627.1/14.5,616.5,6.0,0.171,2.6,0.054000000000000006,100.0/100.3,98.5/96.7,99.6/72.8,0.191,117.6,74.6,15.13,33.9,83887,289,99.4/98.2,100.0/100.0,,81.2,76.5,0.557,0.6809999999999999
United States Virgin Islands,Caribbean,347.0,105,299.7,91.1,20658.0,0.027999999999999997,5488.2,,0.26,0.605,0.109,0.24,0.652,0.09,109,109,,,,,-0.002,0.953,0.003,2.3,20.1/25.3,56.7/53.4,,9.3,0.06699999999999999,4.5,,,,,,,54.8,0.58,50.6,,46,100.0/100.0,96.4/96.4,2.7011111111111115,81.5,76.7,0.525,0.7070000000000001
Uruguay,SouthAmerica,173626.0,3457,19.8,93.5,53442.0,0.01,15573.8,0.068,0.28,0.652,0.087,0.205,0.708,0.08800000000000001,129,130,6964,8137,-1173,-1141,0.003,0.953,0.005,2.0,21.1/19.5,71.8/2.1,0.5,12.7,0.086,1.7166666666666666,0.044000000000000004,107.3/109.8,100.0/90.3,.../...,0.20199999999999999,160.2,64.6,1.06,10.4,113,58,100.0/93.9,96.6/92.6,0.04,80.4,73.2,0.556,0.763
Uzbekistan,CentralAsia,448969.0,31911,75.0,99.4,69004.0,0.068,2308.3,0.192,0.32899999999999996,0.479,0.29,0.239,0.47100000000000003,0.08900000000000001,158,174,27947,25652,2295,,0.016,0.364,0.013999999999999999,2.4,28.0/7.6,1170.9/3.9,86.7,31.3,0.057999999999999996,2.5,,103.2/105.6,95.1/96.8,7.1/11.0,0.16,73.3,42.8,0.59,7.6,2339,62,98.5/80.9,100.0/100.0,0.66,73.5,68.1,0.485,0.7659999999999999
Vanuatu,Melanesia,12189.0,276,22.7,102.4,737.0,-0.01,2783.0,0.267,0.084,0.649,0.614,0.068,0.318,0.053,123,122,50,416,-366,-82,0.023,0.261,0.034,3.4,35.9/6.7,3.2/1.2,~0.0,24.3,0.05,0.2,0.055,118.7/120.6,56.4/53.4,.../...,0.0,66.2,22.4,1.37,36.1,1,12,98.9/92.9,65.1/55.4,12.32,73.6,69.4,0.617,0.805
Venezuela (Bolivarian Republic of),SouthAmerica,912050.0,31977,36.3,99.0,344331.0,-0.062,11068.9,0.053,0.447,0.5,0.11900000000000001,0.268,0.613,0.066,118,119,19731,16324,3407,-20360,0.013999999999999999,0.89,0.015,2.4,27.6/9.9,1404.4/4.5,174.2,13.8,0.053,1.7166666666666666,,98.6/101.3,93.0/86.5,.../...,0.222,93.0,61.9,3.28,53.1,7460,90,95.0/77.9,97.5/69.9,0.01,78.2,69.9,0.515,0.7829999999999999
Viet Nam,South-easternAsia,330967.0,95541,308.1,98.0,193241.0,0.067,2067.9,0.18899999999999997,0.37,0.442,0.418,0.22899999999999998,0.35200000000000004,0.022000000000000002,136,134,176632,174111,2520,906,0.011000000000000001,0.336,0.03,2.0,23.1/11.1,72.8/0.1,11.0,19.3,0.071,1.2,0.057,108.4/109.3,,28.9/28.8,0.267,130.6,52.7,6.16,47.2,2977,30,99.1/96.9,94.4/69.7,1.73,80.3,70.7,0.7390000000000001,0.833
Wallis and Futuna Islands,Polynesia,142.0,12,84.1,93.4,20658.0,0.027999999999999997,5488.2,,0.26,0.605,,,,0.065,115,115,1,53,-51,,-0.021,0.0,0.0,2.1,25.5/15.4,2.8/21.7,,,0.0794,1.7,,,,,,,9.0,0.89,41.6,,26,,,31.523333333333337,78.7,72.8,0.521,0.735
Western Sahara,NorthernAfrica,266000.0,553,2.1,110.1,20658.0,0.027999999999999997,5488.2,,0.26,0.605,0.374,0.27899999999999997,0.34700000000000003,0.068,100,100,,,,,0.018000000000000002,0.809,0.033,2.6,28.1/5.4,5.2/0.9,,34.1,0.06516666666666666,1.6400000000000001,,,,,,,,0.49,2.7,,46,,,0.8466666666666667,70.3,66.9,0.28600000000000003,0.833
Yemen,WesternAsia,527968.0,28250,53.5,102.1,29688.0,-0.281,1106.4,0.147,0.369,0.484,0.32899999999999996,0.179,0.49200000000000005,0.161,136,137,570,6861,-6291,-3026,0.026000000000000002,0.34600000000000003,0.04,4.4,39.9/4.6,344.1/1.3,3371.4,47.2,0.055999999999999994,0.3,,88.9/105.7,39.5/57.4,6.1/13.7,0.0,68.0,25.1,2.98,1.0,668,12,72.0/46.5,92.5/34.1,2.99,65.6,62.8,0.262,0.737
Zambia,EasternAfrica,752612.0,17094,23.0,98.5,21255.0,0.028999999999999998,1311.1,0.08199999999999999,0.32299999999999995,0.595,0.5479999999999999,0.099,0.353,0.07400000000000001,179,180,6505,7442,-937,-768,0.03,0.409,0.043,5.2,44.8/3.7,127.9/0.8,55.3,53.8,0.05,0.2,,104.0/103.3,,3.4/4.5,0.18,74.5,21.0,0.88,65.6,374,26,85.6/51.3,55.6/35.7,3.96,61.9,57.5,0.6990000000000001,0.809
Zimbabwe,EasternAfrica,390757.0,16530,42.7,95.0,13893.0,0.011000000000000001,890.4,0.13,0.305,0.565,0.675,0.073,0.252,0.05,99,98,2832,5212,-2379,-1521,0.023,0.324,0.023,4.0,41.2/4.2,398.9/2.6,308.6,46.5,0.06,0.1,0.084,99.1/100.8,47.1/48.1,8.0/8.9,0.326,84.8,16.4,0.89,37.2,482,30,97.0/67.3,49.3/30.8,6.00,59.0,56.1,0.78,0.875
